Timestamp,Node_ID,Node_Name,Signal_Strength,SNR,Hops,Last_Heard,Status
2025-10-31 13:31:44,!9e7656a8,Ying,0,0,0,2025-10-31 13:31:38,online
2025-10-31 13:31:44,!a0cc7d7c,Hel-TXT 7d7c,0,0,0,Never,offline
2025-10-31 13:31:44,!9e757a8c,Meshtastic 7a8c,6.25,6.25,0,2025-10-31 13:06:58,offline
2025-10-31 13:31:44,!c1ea126d,WS7R Wisblock,6.0,6.0,6,2025-10-31 12:55:36,offline
2025-10-31 13:31:44,!1fa04dd0,TBm HB 4dd0,7.0,7.0,0,2025-10-31 12:27:58,offline
2025-10-31 13:31:44,!433b9050,VEU_Paper,6.0,6.0,3,2025-10-30 08:52:57,offline
2025-10-31 13:31:44,!01996ab0,Mountains Edge,7.25,7.25,2,2025-10-31 09:00:31,offline
2025-10-31 13:31:44,!3b46b334,WDZ3 Vegas Northwest ,6.0,6.0,2,2025-10-31 12:53:45,offline
2025-10-31 13:31:44,!7838a968,Meshtastic a968,6.75,6.75,3,2025-10-30 14:06:11,offline
2025-10-31 13:31:44,!9c5cc60c,Echo Solar Base Station,6.5,6.5,3,2025-10-31 13:27:02,online
2025-10-31 13:31:44,!4ecf2b4c,Decktastic,6.0,6.0,4,2025-10-31 13:23:16,online
2025-10-31 13:31:44,!af20ba43,Ghost Solar,6.25,6.25,2,2025-10-31 13:00:15,offline
2025-10-31 13:31:44,!c29c9f56,Meshtastic 9f56,6.5,6.5,4,2025-10-31 08:13:34,offline
2025-10-31 13:31:44,!31eb883d,Samurai 6 RAK,5.5,5.5,3,2025-10-31 00:01:09,offline
2025-10-31 13:31:44,!a2e4ff18,ALF0-G2 Base,6.75,6.75,1,2025-10-31 13:03:11,offline
2025-10-31 13:31:44,!092d4525,‡º∫·ó∑…≠·ëå·ó¥·ó∞I·îïT‡ºª  [pf],5.75,5.75,4,2025-10-31 09:18:10,offline
2025-10-31 13:31:44,!116b6706,Enterprise üì° [·õö·ö¨·ö¥·õÖ·ö¥·õÅ·öæ],7.75,7.75,3,2025-10-31 12:38:52,offline
2025-10-31 13:31:44,!16cd7ffc,Kyle | Base,6.75,6.75,3,2025-10-30 22:06:43,offline
2025-10-31 13:31:44,!b03c7450,myCARKEYS,6.75,6.75,5,2025-10-31 12:48:55,offline
2025-10-31 13:31:44,!433cc654,Mlk & carey,6.0,6.0,2,2025-10-31 13:14:19,offline
2025-10-31 13:31:44,!da55ed28,Chuck Base 1,7.25,7.25,3,2025-10-31 13:24:59,online
2025-10-31 13:31:44,!7c5ad54c,Rave-tastic ü•≥ü§™ü´†,7.0,7.0,3,2025-10-31 13:10:32,offline
2025-10-31 13:31:44,!9e9e2e24,üì±Meshtastic25Tango,5.5,5.5,3,2025-10-30 21:14:58,offline
2025-10-31 13:31:44,!209f9da6,Meshtastic 9da6,6.0,6.0,3,2025-10-31 01:29:53,offline
2025-10-31 13:31:44,!e4856784,RAZOR TECHO,6.0,6.0,5,2025-10-30 22:29:10,offline
2025-10-31 13:31:44,!9ee70784,Liath,6.25,6.25,3,2025-10-31 10:09:02,offline
2025-10-31 13:31:44,!da639380,Heltec A,7.0,7.0,3,2025-10-31 10:03:07,offline
2025-10-31 13:31:44,!3d2cef79,Oops! All Mesh,6.75,6.75,2,2025-10-31 13:02:56,offline
2025-10-31 13:31:44,!43569c10,Mountains Edge,6.75,6.75,3,2025-10-31 10:02:24,offline
2025-10-31 13:31:44,!433cad44,ü•° Falcor,6.0,6.0,3,2025-10-31 12:42:38,offline
2025-10-31 13:31:44,!6eb6e0f5,BlackJack,6.0,6.0,3,2025-10-31 13:10:15,offline
2025-10-31 13:31:44,!38ba786a,Maridia,5.5,5.5,3,2025-10-31 12:34:28,offline
2025-10-31 13:31:44,!d94d8a95,BeachHeadMobile,6.0,6.0,3,2025-10-31 08:15:59,offline
2025-10-31 13:31:44,!6c743bd8,crystal mesh,6.5,6.5,2,2025-10-31 13:12:56,offline
2025-10-31 13:31:44,!d1e5e0b0,Meshtastic e0b0,6.0,6.0,0,2025-10-31 08:31:39,offline
2025-10-31 13:31:44,!c53cf974,üëÄ I See You [pf],6.0,6.0,2,2025-10-31 12:58:38,offline
2025-10-31 13:31:44,!95a5ed00,ALF2-BF,6.25,6.25,4,2025-10-30 14:45:32,offline
2025-10-31 13:31:44,!3902412e,ErwinBase,6.0,6.0,2,2025-10-31 08:17:23,offline
2025-10-31 13:31:44,!3360277c,ALF4-TBeam,6.75,6.75,3,2025-10-31 13:03:08,offline
2025-10-31 13:31:44,!a0ccd810,TBOT-AI-RPTR - Sahara & Nellis d810,6.5,6.5,5,2025-10-31 12:29:50,offline
2025-10-31 13:31:44,!a2ebd58c,Jay -N2VGK üá∫üá∏  (8) G2 base,5.75,5.75,1,2025-10-31 13:01:49,offline
2025-10-31 13:31:44,!8dcec284,Kyle | Tracker,6.0,6.0,5,2025-10-31 12:43:28,offline
2025-10-31 13:31:44,!09f06f43,LASmesh Base 00 SWLV [ü§ñ !h | üìµ],6.25,6.25,4,2025-10-31 09:10:20,offline
2025-10-31 13:31:44,!a2e4f15d,Bravo52_Station,6.25,6.25,3,2025-10-31 07:03:35,offline
2025-10-31 13:31:44,!9ea13680,BSM f14,0,0,0,Never,offline
2025-10-31 13:31:44,!a2549726,Meshtastic 9726,7.5,7.5,2,2025-10-31 08:55:03,offline
2025-10-31 13:31:44,!0e998fe8,Lifehouse1,6.0,6.0,5,2025-10-30 22:26:55,offline
2025-10-31 13:31:44,!2fb70101,GGM_Roof,6.0,6.0,5,2025-10-30 22:26:49,offline
2025-10-31 13:31:44,!15f12ed7,Mojave Hills [·õö·ö¨·ö¥·õÖ·ö¥·õÅ·öæ] ,5.75,5.75,2,2025-10-31 07:29:12,offline
2025-10-31 13:31:44,!ba6a7b7c,nothing to see here,6.25,6.25,3,2025-10-31 13:24:09,online
2025-10-31 13:31:44,!3b46af94,WS7R G2,5.75,5.75,5,2025-10-31 12:59:18,offline
2025-10-31 13:31:44,!0a9d53d1,Brian KJ7ZDB,5.75,5.75,3,2025-10-31 08:33:49,offline
2025-10-31 13:31:44,!95a573a0,ALF3-CM,6.25,6.25,3,2025-10-31 12:40:38,offline
2025-10-31 13:31:44,!433c8a54,SidTech-Base,6.25,6.25,2,2025-10-31 07:09:46,offline
2025-10-31 13:31:44,!fa2c4bc9,WS7R Rak Solar,7.5,7.5,4,2025-10-31 12:27:35,offline
2025-10-31 13:31:44,!aee038ab,Zziks ( Buckaroo ),6.0,6.0,3,2025-10-31 07:55:39,offline
2025-10-31 13:31:44,!f79ad4c9,LASmesh Base 02 LAS Airport [üìµ],7.0,7.0,4,2025-10-30 21:24:39,offline
2025-10-31 13:31:44,!433d8d28,Meshtastic PSM,5.0,5.0,4,2025-10-30 22:06:33,offline
2025-10-31 13:31:44,!6c73c96c,MHC Base [sneak],5.75,5.75,4,2025-10-31 10:14:37,offline
2025-10-31 13:31:44,!77dadd14,STONEBASE BC01,0,0,0,Never,offline
2025-10-31 13:31:44,!1a2c2e68,Frisky North West,6.25,6.25,3,2025-10-31 00:49:15,offline
2025-10-31 13:31:44,!c8f3b7ef,Meshtastic b7ef,7.75,7.75,2,2025-10-31 09:51:25,offline
2025-10-31 13:31:44,!b6cdaadf,FoxByte SolarBlock KK7NYE,7.25,7.25,3,2025-10-31 13:28:33,online
2025-10-31 13:31:44,!55cc087b,Virgin Peak ,6.0,6.0,6,2025-10-31 07:37:41,offline
2025-10-31 13:31:44,!ba662148,Cuban Pete,7.5,7.5,3,2025-10-31 09:33:58,offline
2025-10-31 13:31:44,!da4a1dfe,StreetPass,6.0,6.0,3,2025-10-30 20:32:03,offline
2025-10-31 13:31:44,!f660edf4,Meshtastic edf4,4.5,4.5,3,2025-10-30 21:27:23,offline
2025-10-31 13:31:44,!7c5ad9b0,WS7R Wireless Paper,5.75,5.75,4,2025-10-30 23:09:42,offline
2025-10-31 13:31:44,!e4a4ecb6,KT base-ecb6,6.75,6.75,4,2025-10-31 09:39:12,offline
2025-10-31 13:31:44,!433d4958,Meshtastic 4958,5.5,5.5,3,2025-10-31 00:59:07,offline
2025-10-31 13:31:44,!9bca09f6,Prickly Pear,5.75,5.75,3,2025-10-31 01:00:22,offline
2025-10-31 13:31:44,!16cfa1c8,ALF1-G2 Base,6.0,6.0,4,2025-10-31 12:34:47,offline
2025-10-31 13:31:44,!6b7f7ded,WV3V N. Vegas Central,5.75,5.75,3,2025-10-31 07:51:58,offline
2025-10-31 13:31:44,!da567f78,Poseidon 7f78,0,0,0,Never,offline
2025-10-31 13:31:44,!4a14d2cc,Meshtastic d2cc,0,0,0,Never,offline
2025-10-31 13:31:44,!7091481d,Go Meshtastic,7.5,7.5,3,2025-10-31 09:35:56,offline
2025-10-31 13:31:44,!713d0b94,RhiSense,7.25,7.25,5,2025-10-31 09:48:16,offline
2025-10-31 13:31:44,!4c1cf86b,Meshtastic f86b,8.25,8.25,4,2025-10-31 12:32:16,offline
2025-10-31 13:31:44,!db517cc8,Meshtastic 7cc8,6.25,6.25,7,2025-10-31 12:40:58,offline
2025-10-31 13:31:44,!2c3ca9d7,Meshtastic a9d7,7.0,7.0,3,2025-10-31 13:09:37,offline
2025-10-31 13:31:44,!0daec6b5,South Paradise Meshtastic,6.0,6.0,3,2025-10-31 13:10:50,offline
2025-10-31 13:54:53,!9e757a8c,Meshtastic 7a8c,0,0,0,2025-10-31 13:54:50,online
2025-10-31 13:54:53,!4a14d2cc,Meshtastic d2cc,-11.75,-11.75,3,2025-10-30 20:35:01,offline
2025-10-31 13:54:53,!7838a968,Meshtastic a968,4.25,4.25,3,2025-10-31 00:03:43,offline
2025-10-31 13:54:53,!433b9050,VEU_Paper,-16.5,-16.5,2,2025-10-30 08:53:09,offline
2025-10-31 13:54:53,!c8f3b7ef,Meshtastic b7ef,-16.75,-16.75,1,2025-10-31 09:51:58,offline
2025-10-31 13:54:53,!9c5cc60c,Echo Solar Base Station,-14.5,-14.5,2,2025-10-31 13:27:04,offline
2025-10-31 13:54:53,!01996ab0,Mountains Edge,-16.75,-16.75,4,2025-10-31 12:14:53,offline
2025-10-31 13:54:53,!4ecf2b4c,Decktastic,-6.25,-6.25,4,2025-10-31 13:51:56,online
2025-10-31 13:54:53,!c29c9f56,Meshtastic 9f56,-13.5,-13.5,3,2025-10-31 08:14:06,offline
2025-10-31 13:54:53,!af20ba43,Ghost Solar,-10.0,-10.0,1,2025-10-31 13:46:52,online
2025-10-31 13:54:53,!1fa04dd0,TBm HB 4dd0,-19.5,-19.5,0,2025-10-31 13:52:18,online
2025-10-31 13:54:53,!ba6a7b7c,nothing to see here,-17.5,-17.5,2,2025-10-31 13:24:11,offline
2025-10-31 13:54:53,!31eb883d,Samurai 6 RAK,-14.75,-14.75,2,2025-10-31 00:01:38,offline
2025-10-31 13:54:53,!09f06f43,LASmesh Base 00 SWLV [ü§ñ !h | üìµ],-12.0,-12.0,3,2025-10-31 09:10:53,offline
2025-10-31 13:54:53,!a2e4ff18,ALF0-G2 Base,-12.0,-12.0,0,2025-10-31 13:49:02,online
2025-10-31 13:54:53,!3360277c,ALF4-TBeam,-19.75,-19.75,1,2025-10-31 13:49:34,online
2025-10-31 13:54:53,!da55ed28,Chuck Base 1,-16.5,-16.5,2,2025-10-31 13:25:01,offline
2025-10-31 13:54:53,!a0cc7d7c,Hel-TXT 7d7c,0.75,0.75,2,2025-10-30 19:41:12,offline
2025-10-31 13:54:53,!9ea13680,BSM f14,-2.75,-2.75,2,2025-10-31 13:31:27,offline
2025-10-31 13:54:53,!d1e5e0b0,Meshtastic e0b0,-13.75,-13.75,0,2025-10-31 08:32:12,offline
2025-10-31 13:54:53,!0a9d53d1,Brian KJ7ZDB,-3.5,-3.5,3,2025-10-31 08:50:35,offline
2025-10-31 13:54:53,!6eb6e0f5,BlackJack,-0.5,-0.5,2,2025-10-31 13:26:20,offline
2025-10-31 13:54:53,!38ba786a,Maridia,-12.25,-12.25,3,2025-10-31 13:34:54,offline
2025-10-31 13:54:53,!9e7656a8,Ying,6.0,6.0,0,2025-10-31 13:47:31,online
2025-10-31 13:54:53,!c1ea126d,WS7R Wisblock,-5.5,-5.5,3,2025-10-31 13:51:24,online
2025-10-31 13:54:53,!7c5ad54c,Rave-tastic ü•≥ü§™ü´†,-8.25,-8.25,2,2025-10-31 13:52:20,online
2025-10-31 13:54:53,!da639380,Heltec A,-1.5,-1.5,3,2025-10-31 13:29:15,offline
2025-10-31 13:54:53,!3b46b334,WDZ3 Vegas Northwest ,-6.5,-6.5,1,2025-10-31 13:54:10,online
2025-10-31 13:54:53,!552ca6e6,Bravo_52,0,0,0,Never,offline
2025-10-31 13:54:53,!092d4525,‡º∫·ó∑…≠·ëå·ó¥·ó∞I·îïT‡ºª  [pf],-15.0,-15.0,2,2025-10-31 10:42:28,offline
2025-10-31 13:54:53,!116b6706,Enterprise üì° [·õö·ö¨·ö¥·õÖ·ö¥·õÅ·öæ],-17.75,-17.75,2,2025-10-31 12:39:06,offline
2025-10-31 13:54:53,!16cd7ffc,Kyle | Base,-8.25,-8.25,1,2025-10-31 11:12:21,offline
2025-10-31 13:54:53,!b03c7450,myCARKEYS,-0.75,-0.75,5,2025-10-31 13:26:57,offline
2025-10-31 13:54:53,!9f60a365,Frenchman Mtn Base,-6.75,-6.75,3,2025-10-31 11:16:41,offline
2025-10-31 13:54:53,!9e9e2e24,üì±Meshtastic25Tango,-14.25,-14.25,2,2025-10-30 21:15:28,offline
2025-10-31 13:54:53,!43569c10,Mountains Edge,-14.25,-14.25,3,2025-10-31 13:48:30,online
2025-10-31 13:54:53,!849a5a2c,TIKI,-16.5,-16.5,4,2025-10-31 13:35:06,offline
2025-10-31 13:54:53,!a2549726,Meshtastic 9726,-3.5,-3.5,1,2025-10-31 10:25:08,offline
2025-10-31 13:54:53,!0e998fe8,Lifehouse1,-16.75,-16.75,4,2025-10-30 22:27:24,offline
2025-10-31 13:54:53,!2fb70101,GGM_Roof,-16.0,-16.0,2,2025-10-31 10:32:35,offline
2025-10-31 13:54:53,!a2ebd58c,Jay -N2VGK üá∫üá∏  (8) G2 base,-14.25,-14.25,0,2025-10-31 13:01:51,offline
2025-10-31 13:54:53,!a0ccd810,TBOT-AI-RPTR - Sahara & Nellis d810,-1.75,-1.75,4,2025-10-31 13:13:09,offline
2025-10-31 13:54:53,!15f12ed7,Mojave Hills [·õö·ö¨·ö¥·õÖ·ö¥·õÅ·öæ] ,-5.75,-5.75,2,2025-10-31 13:53:03,online
2025-10-31 13:54:53,!3b46af94,WS7R G2,-9.25,-9.25,3,2025-10-31 12:59:37,offline
2025-10-31 13:54:53,!f79ad4c9,LASmesh Base 02 LAS Airport [üìµ],-14.0,-14.0,4,2025-10-31 08:18:34,offline
2025-10-31 13:54:53,!6b7f7ded,WV3V N. Vegas Central,-14.25,-14.25,2,2025-10-31 07:52:31,offline
2025-10-31 13:54:53,!c53cf974,üëÄ I See You [pf],-19.75,-19.75,1,2025-10-31 12:58:53,offline
2025-10-31 13:54:53,!8dcec284,Kyle | Tracker,-13.5,-13.5,4,2025-10-31 13:48:00,online
2025-10-31 13:54:53,!433c8a54,SidTech-Base,-6.75,-6.75,2,2025-10-31 11:15:25,offline
2025-10-31 13:54:53,!9ea1f4c0,BSM F40,-13.5,-13.5,3,2025-10-30 20:25:09,offline
2025-10-31 13:54:53,!95a5ed00,ALF2-BF,-10.5,-10.5,3,2025-10-31 13:46:00,online
2025-10-31 13:54:53,!9bca09f6,Prickly Pear,-3.5,-3.5,3,2025-10-31 09:26:22,offline
2025-10-31 13:54:53,!f660edf4,Meshtastic edf4,-14.75,-14.75,2,2025-10-31 09:27:54,offline
2025-10-31 13:54:53,!d94d8a95,BeachHeadMobile,-2.75,-2.75,3,2025-10-31 13:11:18,offline
2025-10-31 13:54:53,!2c3ca9d7,ErwinCard1,-5.75,-5.75,3,2025-10-31 13:33:45,offline
2025-10-31 13:54:53,!433d8d28,Meshtastic PSM,-8.75,-8.75,3,2025-10-31 13:24:45,offline
2025-10-31 13:54:53,!fa2c4bc9,WS7R Rak Solar,-10.75,-10.75,3,2025-10-31 12:27:49,offline
2025-10-31 13:54:53,!6c73c96c,MHC Base [sneak],-7.0,-7.0,3,2025-10-31 11:26:25,offline
2025-10-31 13:54:53,!77dadd14,STONEBASE BC01,0,0,0,Never,offline
2025-10-31 13:54:53,!1a2c2e68,Frisky North West,-17.75,-17.75,2,2025-10-31 00:49:44,offline
2025-10-31 13:54:53,!713d0b94,RhiSense,-14.75,-14.75,4,2025-10-31 09:48:48,offline
2025-10-31 13:54:53,!3d2cef79,Oops! All Mesh,-6.5,-6.5,1,2025-10-31 13:50:32,online
2025-10-31 13:54:53,!1f9ff7c4,Meshtastic f7c4,-7.5,-7.5,2,2025-10-30 18:18:58,offline
2025-10-31 13:54:53,!33602434,Meshtastic 2434,-19.5,-19.5,3,2025-10-31 12:30:24,offline
2025-10-31 13:54:53,!9ee70784,Liath,-11.25,-11.25,2,2025-10-31 11:33:28,offline
2025-10-31 13:54:53,!1e37c665,BeachHead Base,-2.75,-2.75,1,2025-10-31 13:53:27,online
2025-10-31 13:54:53,!55cc087b,Virgin Peak ,-18.25,-18.25,5,2025-10-31 07:38:14,offline
2025-10-31 13:54:53,!f1fdab7e,Meshtastic ab7e,-9.75,-9.75,2,2025-10-31 11:40:39,offline
2025-10-31 13:54:53,!a2e4f15d,Bravo52_Station,-4.5,-4.5,2,2025-10-31 07:04:08,offline
2025-10-31 13:54:53,!6c743bd8,crystal mesh,-2.5,-2.5,1,2025-10-31 13:12:58,offline
2025-10-31 13:54:53,!433cad44,ü•° Falcor,-16.25,-16.25,2,2025-10-31 12:42:53,offline
2025-10-31 13:54:53,!27e0965e,MongoPawnInGameOfLife‚ôüÔ∏è,-16.0,-16.0,3,2025-10-31 10:45:30,offline
2025-10-31 13:54:53,!433cf880,MeshALago,-18.5,-18.5,5,2025-10-31 10:21:05,offline
2025-10-31 13:54:53,!bcc3d511,LASmesh Mobile M1,-14.0,-14.0,4,2025-10-31 07:08:02,offline
2025-10-31 13:54:53,!b6cdaadf,FoxByte SolarBlock KK7NYE,-3.75,-3.75,2,2025-10-31 13:28:35,offline
2025-10-31 13:54:53,!f71e3ba8,Salem Mobile [·õö·ö¨·ö¥·õÖ·ö¥·õÅ·öæ],-15.5,-15.5,5,2025-10-31 07:29:02,offline
2025-10-31 13:54:53,!e4a4ecb6,KT base-ecb6,-10.75,-10.75,3,2025-10-31 11:32:17,offline
2025-10-31 13:54:53,!ba662148,Cuban Pete,-19.5,-19.5,3,2025-10-31 11:59:07,offline
2025-10-31 13:54:53,!16ced69c,KJ7ZDB Base,-13.75,-13.75,2,2025-10-31 13:09:27,offline
2025-10-31 13:54:53,!0768b426,Meshtastic b426,-4.5,-4.5,2,2025-10-31 08:13:28,offline
2025-10-31 13:54:53,!e4856784,RAZOR TECHO,-1.0,-1.0,5,2025-10-30 22:51:22,offline
2025-10-31 13:54:53,!da4a1dfe,StreetPass,-0.75,-0.75,3,2025-10-30 23:32:41,offline
2025-10-31 13:54:53,!f9b9c700,N6XRE-MX-1-c700,4.0,4.0,3,2025-10-30 19:42:40,offline
2025-10-31 13:54:53,!aee038ab,Zziks ( Buckaroo ),-18.75,-18.75,2,2025-10-31 13:43:49,online
2025-10-31 13:54:53,!9e7638d8,GMESH38d8,0,0,0,Never,offline
2025-10-31 13:54:53,!3902412e,ErwinBase,-13.75,-13.75,1,2025-10-31 08:17:56,offline
2025-10-31 13:54:53,!4c1cf86b,MahtSense ,-16.75,-16.75,3,2025-10-31 12:32:31,offline
2025-10-31 13:54:53,!ead43ac6,WS7R Nano G2,-17.5,-17.5,4,2025-10-31 12:17:35,offline
2025-10-31 13:54:53,!7c5ad9b0,WS7R Wireless Paper,-18.25,-18.25,3,2025-10-31 13:39:25,offline
2025-10-31 13:54:53,!0daec6b5,South Paradise Meshtastic,-5.25,-5.25,2,2025-10-31 13:10:52,offline
2025-10-31 13:54:53,!433d4930,Meshtastic 4930,-4.0,-4.0,4,2025-10-31 00:29:52,offline
2025-10-31 13:54:53,!433d4958,Meshtastic 4958,4.75,4.75,4,2025-10-31 00:56:02,offline
2025-10-31 13:54:53,!16cfa1c8,ALF1-G2 Base,-6.75,-6.75,2,2025-10-31 13:50:50,online
2025-10-31 13:54:53,!433cc654,Mlk & carey,-15.75,-15.75,1,2025-10-31 13:14:22,offline
2025-10-31 13:54:53,!95a573a0,ALF3-CM,-16.25,-16.25,2,2025-10-31 12:57:45,offline
2025-10-31 13:54:53,!f9b90490,Meshtastic 0490,-14.0,-14.0,3,2025-10-31 07:11:33,offline
2025-10-31 13:54:53,!f7d5753d,Meshtastic 753d,-10.25,-10.25,3,2025-10-31 13:48:47,online
2025-10-31 13:54:53,!4358acc0,Macaroon,-7.0,-7.0,3,2025-10-31 11:07:01,offline
2025-10-31 13:54:53,!25df032c,ChopsEcho,-8.5,-8.5,3,2025-10-31 10:33:28,offline
2025-10-31 13:54:53,!d2a96b97,Meshtastic 6b97,-9.5,-9.5,2,2025-10-31 13:47:19,online
2025-10-31 13:54:53,!1301ba94,HSQF22,-14.25,-14.25,3,2025-10-31 08:24:39,offline
2025-10-31 13:54:53,!da567f78,Poseidon 7f78,0,0,0,Never,offline
2025-10-31 13:54:53,!8c0857c3,KLUBE,-9.25,-9.25,3,2025-10-31 09:05:49,offline
2025-10-31 13:54:53,!a0cb4950,Meshtastic 4950,0.5,0.5,2,2025-10-31 08:59:27,offline
2025-10-31 13:54:53,!a0cdac7f,Meshtastic ac7f,-18.75,-18.75,1,2025-10-31 09:01:23,offline
2025-10-31 13:54:53,!43580084,Meshtastic 0084,-12.5,-12.5,3,2025-10-31 13:17:30,offline
2025-10-31 13:54:53,!7091481d,Go Meshtastic,-18.75,-18.75,2,2025-10-31 09:36:29,offline
2025-10-31 13:54:53,!9c048d2a,Meshtastic 8d2a,-7.5,-7.5,2,2025-10-31 12:52:51,offline
2025-10-31 13:54:53,!209f9da6,Meshtastic 9da6,-11.0,-11.0,2,2025-10-31 10:16:44,offline
2025-10-31 13:54:53,!433e5768,Meshtastic 5768,-13.25,-13.25,3,2025-10-31 13:23:55,offline
2025-10-31 13:54:53,!1ae77426,Meshtastic 7426,-16.0,-16.0,2,2025-10-31 11:56:52,offline
2025-10-31 13:54:53,!92dc709f,Meshtastic 709f,-20.25,-20.25,4,2025-10-31 12:11:26,offline
2025-10-31 13:54:53,!db517cc8,Meshtastic 7cc8,-15.75,-15.75,6,2025-10-31 12:41:13,offline
2025-10-31 13:54:53,!f6e3a209,Nomad 2,-1.5,-1.5,3,2025-10-31 13:14:10,offline
2025-10-31 14:02:01,!9e757a8c,Meshtastic 7a8c,0,0,0,2025-10-31 14:01:59,online
2025-10-31 14:02:01,!4a14d2cc,Meshtastic d2cc,-11.75,-11.75,3,2025-10-30 20:35:01,offline
2025-10-31 14:02:01,!7838a968,Meshtastic a968,4.25,4.25,3,2025-10-31 00:03:43,offline
2025-10-31 14:02:01,!433b9050,VEU_Paper,-16.5,-16.5,2,2025-10-30 08:53:09,offline
2025-10-31 14:02:01,!c8f3b7ef,Meshtastic b7ef,-16.75,-16.75,1,2025-10-31 09:51:58,offline
2025-10-31 14:02:01,!9c5cc60c,Echo Solar Base Station,-14.5,-14.5,2,2025-10-31 13:27:04,offline
2025-10-31 14:02:01,!01996ab0,Mountains Edge,-6.0,-6.0,2,2025-10-31 13:59:22,online
2025-10-31 14:02:01,!4ecf2b4c,Decktastic,-6.25,-6.25,4,2025-10-31 13:51:56,online
2025-10-31 14:02:01,!c29c9f56,Meshtastic 9f56,-13.5,-13.5,3,2025-10-31 08:14:06,offline
2025-10-31 14:02:01,!af20ba43,Ghost Solar,-12.25,-12.25,1,2025-10-31 14:01:48,online
2025-10-31 14:02:01,!1fa04dd0,TBm HB 4dd0,-19.5,-19.5,0,2025-10-31 13:58:17,online
2025-10-31 14:02:01,!ba6a7b7c,nothing to see here,-17.5,-17.5,2,2025-10-31 13:24:11,offline
2025-10-31 14:02:01,!31eb883d,Samurai 6 RAK,-14.75,-14.75,2,2025-10-31 00:01:38,offline
2025-10-31 14:02:01,!09f06f43,LASmesh Base 00 SWLV [ü§ñ !h | üìµ],-12.0,-12.0,3,2025-10-31 09:10:53,offline
2025-10-31 14:02:01,!a2e4ff18,ALF0-G2 Base,-12.0,-12.0,0,2025-10-31 13:49:02,online
2025-10-31 14:02:01,!3360277c,ALF4-TBeam,-19.75,-19.75,1,2025-10-31 13:49:34,online
2025-10-31 14:02:01,!da55ed28,Chuck Base 1,-16.5,-16.5,2,2025-10-31 13:25:01,offline
2025-10-31 14:02:01,!a0cc7d7c,Hel-TXT 7d7c,0.75,0.75,2,2025-10-30 19:41:12,offline
2025-10-31 14:02:01,!9ea13680,BSM f14,-2.75,-2.75,2,2025-10-31 13:31:27,offline
2025-10-31 14:02:01,!d1e5e0b0,Meshtastic e0b0,-13.75,-13.75,0,2025-10-31 08:32:12,offline
2025-10-31 14:02:01,!0a9d53d1,Brian KJ7ZDB,-3.5,-3.5,3,2025-10-31 08:50:35,offline
2025-10-31 14:02:01,!6eb6e0f5,BlackJack,-10.25,-10.25,3,2025-10-31 13:57:45,online
2025-10-31 14:02:01,!38ba786a,Maridia,-12.25,-12.25,3,2025-10-31 13:34:54,offline
2025-10-31 14:02:01,!9e7656a8,Ying,6.0,6.0,0,2025-10-31 13:47:31,online
2025-10-31 14:02:01,!c1ea126d,WS7R Wisblock,-5.5,-5.5,3,2025-10-31 13:51:24,online
2025-10-31 14:02:01,!7c5ad54c,Rave-tastic ü•≥ü§™ü´†,-8.25,-8.25,2,2025-10-31 13:55:35,online
2025-10-31 14:02:01,!da639380,Heltec A,-1.5,-1.5,3,2025-10-31 13:29:15,offline
2025-10-31 14:02:01,!3b46b334,WDZ3 Vegas Northwest ,-6.5,-6.5,1,2025-10-31 13:54:10,online
2025-10-31 14:02:01,!552ca6e6,Bravo_52,-9.0,-9.0,0,2025-10-31 13:56:07,online
2025-10-31 14:02:01,!092d4525,‡º∫·ó∑…≠·ëå·ó¥·ó∞I·îïT‡ºª  [pf],-15.0,-15.0,2,2025-10-31 10:42:28,offline
2025-10-31 14:02:01,!116b6706,Enterprise üì° [·õö·ö¨·ö¥·õÖ·ö¥·õÅ·öæ],-17.75,-17.75,2,2025-10-31 12:39:06,offline
2025-10-31 14:02:01,!16cd7ffc,Kyle | Base,-8.25,-8.25,1,2025-10-31 11:12:21,offline
2025-10-31 14:02:01,!b03c7450,myCARKEYS,-0.75,-0.75,5,2025-10-31 13:26:57,offline
2025-10-31 14:02:01,!9f60a365,Frenchman Mtn Base,-6.75,-6.75,3,2025-10-31 11:16:41,offline
2025-10-31 14:02:01,!9e9e2e24,üì±Meshtastic25Tango,-14.25,-14.25,2,2025-10-30 21:15:28,offline
2025-10-31 14:02:01,!43569c10,Mountains Edge,-13.75,-13.75,1,2025-10-31 14:01:26,online
2025-10-31 14:02:01,!849a5a2c,TIKI,-16.5,-16.5,4,2025-10-31 13:35:06,offline
2025-10-31 14:02:01,!a2549726,Meshtastic 9726,-3.5,-3.5,1,2025-10-31 10:25:08,offline
2025-10-31 14:02:01,!0e998fe8,Lifehouse1,-16.75,-16.75,4,2025-10-30 22:27:24,offline
2025-10-31 14:02:01,!2fb70101,GGM_Roof,-16.0,-16.0,2,2025-10-31 10:32:35,offline
2025-10-31 14:02:01,!a2ebd58c,Jay -N2VGK üá∫üá∏  (8) G2 base,-14.25,-14.25,0,2025-10-31 13:01:51,offline
2025-10-31 14:02:01,!a0ccd810,TBOT-AI-RPTR - Sahara & Nellis d810,-1.75,-1.75,4,2025-10-31 13:13:09,offline
2025-10-31 14:02:01,!15f12ed7,Mojave Hills [·õö·ö¨·ö¥·õÖ·ö¥·õÅ·öæ] ,-5.75,-5.75,2,2025-10-31 13:53:03,online
2025-10-31 14:02:01,!3b46af94,WS7R G2,-9.25,-9.25,3,2025-10-31 12:59:37,offline
2025-10-31 14:02:01,!f79ad4c9,LASmesh Base 02 LAS Airport [üìµ],-14.0,-14.0,4,2025-10-31 08:18:34,offline
2025-10-31 14:02:01,!6b7f7ded,WV3V N. Vegas Central,-14.25,-14.25,2,2025-10-31 07:52:31,offline
2025-10-31 14:02:01,!c53cf974,üëÄ I See You [pf],-19.0,-19.0,1,2025-10-31 13:55:25,online
2025-10-31 14:02:01,!8dcec284,Kyle | Tracker,-13.5,-13.5,4,2025-10-31 13:48:00,online
2025-10-31 14:02:01,!433c8a54,SidTech-Base,-6.75,-6.75,2,2025-10-31 11:15:25,offline
2025-10-31 14:02:01,!9ea1f4c0,BSM F40,-13.5,-13.5,3,2025-10-30 20:25:09,offline
2025-10-31 14:02:01,!95a5ed00,ALF2-BF,-10.5,-10.5,3,2025-10-31 13:46:00,offline
2025-10-31 14:02:01,!9bca09f6,Prickly Pear,-3.5,-3.5,3,2025-10-31 09:26:22,offline
2025-10-31 14:02:01,!f660edf4,Meshtastic edf4,-14.75,-14.75,2,2025-10-31 09:27:54,offline
2025-10-31 14:02:01,!d94d8a95,BeachHeadMobile,-2.75,-2.75,3,2025-10-31 13:11:18,offline
2025-10-31 14:02:01,!2c3ca9d7,ErwinCard1,-5.75,-5.75,3,2025-10-31 13:33:45,offline
2025-10-31 14:02:01,!433d8d28,Meshtastic PSM,-8.75,-8.75,3,2025-10-31 13:24:45,offline
2025-10-31 14:02:01,!fa2c4bc9,WS7R Rak Solar,-10.75,-10.75,3,2025-10-31 12:27:49,offline
2025-10-31 14:02:01,!6c73c96c,MHC Base [sneak],-7.0,-7.0,3,2025-10-31 11:26:25,offline
2025-10-31 14:02:01,!77dadd14,STONEBASE BC01,0,0,0,Never,offline
2025-10-31 14:02:01,!1a2c2e68,Frisky North West,-17.75,-17.75,2,2025-10-31 00:49:44,offline
2025-10-31 14:02:01,!713d0b94,RhiSense,-14.75,-14.75,4,2025-10-31 09:48:48,offline
2025-10-31 14:02:01,!3d2cef79,Oops! All Mesh,-6.5,-6.5,1,2025-10-31 13:50:32,online
2025-10-31 14:02:01,!1f9ff7c4,Meshtastic f7c4,-7.5,-7.5,2,2025-10-30 18:18:58,offline
2025-10-31 14:02:01,!33602434,Meshtastic 2434,-19.5,-19.5,3,2025-10-31 12:30:24,offline
2025-10-31 14:02:01,!9ee70784,Liath,-11.25,-11.25,2,2025-10-31 11:33:28,offline
2025-10-31 14:02:01,!1e37c665,BeachHead Base,-2.75,-2.75,1,2025-10-31 13:53:27,online
2025-10-31 14:02:01,!55cc087b,Virgin Peak ,-18.25,-18.25,5,2025-10-31 07:38:14,offline
2025-10-31 14:02:01,!f1fdab7e,Meshtastic ab7e,-9.75,-9.75,2,2025-10-31 11:40:39,offline
2025-10-31 14:02:01,!a2e4f15d,Bravo52_Station,-4.5,-4.5,2,2025-10-31 07:04:08,offline
2025-10-31 14:02:01,!6c743bd8,crystal mesh,-2.5,-2.5,1,2025-10-31 13:12:58,offline
2025-10-31 14:02:01,!433cad44,ü•° Falcor,-16.25,-16.25,2,2025-10-31 12:42:53,offline
2025-10-31 14:02:01,!27e0965e,MongoPawnInGameOfLife‚ôüÔ∏è,-16.0,-16.0,3,2025-10-31 10:45:30,offline
2025-10-31 14:02:01,!433cf880,MeshALago,-18.5,-18.5,5,2025-10-31 10:21:05,offline
2025-10-31 14:02:01,!bcc3d511,LASmesh Mobile M1,-14.0,-14.0,4,2025-10-31 07:08:02,offline
2025-10-31 14:02:01,!b6cdaadf,FoxByte SolarBlock KK7NYE,-3.75,-3.75,2,2025-10-31 13:28:35,offline
2025-10-31 14:02:01,!f71e3ba8,Salem Mobile [·õö·ö¨·ö¥·õÖ·ö¥·õÅ·öæ],-15.5,-15.5,5,2025-10-31 07:29:02,offline
2025-10-31 14:02:01,!e4a4ecb6,KT base-ecb6,-10.75,-10.75,3,2025-10-31 11:32:17,offline
2025-10-31 14:02:01,!ba662148,Cuban Pete,-19.5,-19.5,3,2025-10-31 11:59:07,offline
2025-10-31 14:02:01,!16ced69c,KJ7ZDB Base,-13.75,-13.75,2,2025-10-31 13:09:27,offline
2025-10-31 14:02:01,!0768b426,Meshtastic b426,-4.5,-4.5,2,2025-10-31 08:13:28,offline
2025-10-31 14:02:01,!e4856784,RAZOR TECHO,-1.0,-1.0,5,2025-10-30 22:51:22,offline
2025-10-31 14:02:01,!da4a1dfe,StreetPass,-0.75,-0.75,3,2025-10-30 23:32:41,offline
2025-10-31 14:02:01,!f9b9c700,N6XRE-MX-1-c700,4.0,4.0,3,2025-10-30 19:42:40,offline
2025-10-31 14:02:01,!aee038ab,Zziks ( Buckaroo ),-18.75,-18.75,2,2025-10-31 13:43:49,offline
2025-10-31 14:02:01,!9e7638d8,GMESH38d8,0,0,0,Never,offline
2025-10-31 14:02:01,!3902412e,ErwinBase,-15.5,-15.5,2,2025-10-31 13:56:54,online
2025-10-31 14:02:01,!4c1cf86b,MahtSense ,-16.75,-16.75,3,2025-10-31 12:32:31,offline
2025-10-31 14:02:01,!ead43ac6,WS7R Nano G2,-17.5,-17.5,4,2025-10-31 12:17:35,offline
2025-10-31 14:02:01,!7c5ad9b0,WS7R Wireless Paper,-18.25,-18.25,3,2025-10-31 13:39:25,offline
2025-10-31 14:02:01,!0daec6b5,South Paradise Meshtastic,-5.25,-5.25,2,2025-10-31 13:10:52,offline
2025-10-31 14:02:01,!433d4930,Meshtastic 4930,-4.0,-4.0,4,2025-10-31 00:29:52,offline
2025-10-31 14:02:01,!433d4958,Meshtastic 4958,4.75,4.75,4,2025-10-31 00:56:02,offline
2025-10-31 14:02:01,!16cfa1c8,ALF1-G2 Base,-6.75,-6.75,2,2025-10-31 13:50:50,online
2025-10-31 14:02:01,!433cc654,Mlk & carey,-15.75,-15.75,1,2025-10-31 13:14:22,offline
2025-10-31 14:02:01,!95a573a0,ALF3-CM,-16.25,-16.25,2,2025-10-31 12:57:45,offline
2025-10-31 14:02:01,!f9b90490,Meshtastic 0490,-14.0,-14.0,3,2025-10-31 07:11:33,offline
2025-10-31 14:02:01,!f7d5753d,Meshtastic 753d,-10.25,-10.25,3,2025-10-31 13:48:47,online
2025-10-31 14:02:01,!4358acc0,Macaroon,-7.0,-7.0,3,2025-10-31 11:07:01,offline
2025-10-31 14:02:01,!25df032c,ChopsEcho,-8.5,-8.5,3,2025-10-31 10:33:28,offline
2025-10-31 14:02:01,!d2a96b97,Meshtastic 6b97,-9.5,-9.5,2,2025-10-31 13:47:19,online
2025-10-31 14:02:01,!1301ba94,HSQF22,-14.25,-14.25,3,2025-10-31 08:24:39,offline
2025-10-31 14:02:01,!da567f78,Poseidon 7f78,0,0,0,Never,offline
2025-10-31 14:02:01,!8c0857c3,KLUBE,-9.25,-9.25,3,2025-10-31 09:05:49,offline
2025-10-31 14:02:01,!a0cb4950,Meshtastic 4950,0.5,0.5,2,2025-10-31 08:59:27,offline
2025-10-31 14:02:01,!a0cdac7f,Meshtastic ac7f,-18.75,-18.75,1,2025-10-31 09:01:23,offline
2025-10-31 14:02:01,!43580084,Meshtastic 0084,-12.5,-12.5,3,2025-10-31 13:17:30,offline
2025-10-31 14:02:01,!7091481d,Go Meshtastic,-18.75,-18.75,2,2025-10-31 09:36:29,offline
2025-10-31 14:02:01,!9c048d2a,Meshtastic 8d2a,-7.5,-7.5,2,2025-10-31 12:52:51,offline
2025-10-31 14:02:01,!209f9da6,Meshtastic 9da6,-11.0,-11.0,2,2025-10-31 10:16:44,offline
2025-10-31 14:02:01,!433e5768,Meshtastic 5768,-13.25,-13.25,3,2025-10-31 13:23:55,offline
2025-10-31 14:02:01,!1ae77426,Meshtastic 7426,-16.0,-16.0,2,2025-10-31 11:56:52,offline
2025-10-31 14:02:01,!92dc709f,Meshtastic 709f,-20.25,-20.25,4,2025-10-31 12:11:26,offline
2025-10-31 14:02:01,!db517cc8,Meshtastic 7cc8,-15.75,-15.75,6,2025-10-31 12:41:13,offline
2025-10-31 14:02:01,!f6e3a209,Nomad 2,-1.5,-1.5,3,2025-10-31 13:14:10,offline
2025-10-31 14:08:12,!9e757a8c,Meshtastic 7a8c,0,0,0,2025-10-31 14:08:09,online
2025-10-31 14:08:12,!4a14d2cc,Meshtastic d2cc,-11.75,-11.75,3,2025-10-30 20:35:01,offline
2025-10-31 14:08:12,!7838a968,Meshtastic a968,4.25,4.25,3,2025-10-31 00:03:43,offline
2025-10-31 14:08:12,!433b9050,VEU_Paper,-16.5,-16.5,2,2025-10-30 08:53:09,offline
2025-10-31 14:08:12,!c8f3b7ef,Meshtastic b7ef,-16.75,-16.75,1,2025-10-31 09:51:58,offline
2025-10-31 14:08:12,!9c5cc60c,Echo Solar Base Station,-14.5,-14.5,2,2025-10-31 13:27:04,offline
2025-10-31 14:08:12,!01996ab0,Mountains Edge,-6.0,-6.0,2,2025-10-31 13:59:22,online
2025-10-31 14:08:12,!4ecf2b4c,Decktastic,-6.25,-6.25,4,2025-10-31 13:51:56,offline
2025-10-31 14:08:12,!c29c9f56,Meshtastic 9f56,-13.5,-13.5,3,2025-10-31 08:14:06,offline
2025-10-31 14:08:12,!af20ba43,Ghost Solar,-12.25,-12.25,1,2025-10-31 14:01:48,online
2025-10-31 14:08:12,!1fa04dd0,TBm HB 4dd0,-19.5,-19.5,0,2025-10-31 13:58:17,online
2025-10-31 14:08:12,!ba6a7b7c,nothing to see here,-17.5,-17.5,2,2025-10-31 13:24:11,offline
2025-10-31 14:08:12,!31eb883d,Samurai 6 RAK,-14.75,-14.75,2,2025-10-31 00:01:38,offline
2025-10-31 14:08:12,!09f06f43,LASmesh Base 00 SWLV [ü§ñ !h | üìµ],-12.0,-12.0,3,2025-10-31 09:10:53,offline
2025-10-31 14:08:12,!a2e4ff18,ALF0-G2 Base,-12.0,-12.0,0,2025-10-31 13:49:02,offline
2025-10-31 14:08:12,!3360277c,ALF4-TBeam,-19.75,-19.75,1,2025-10-31 13:49:34,offline
2025-10-31 14:08:12,!da55ed28,Chuck Base 1,-16.5,-16.5,2,2025-10-31 13:25:01,offline
2025-10-31 14:08:12,!a0cc7d7c,Hel-TXT 7d7c,0.75,0.75,2,2025-10-30 19:41:12,offline
2025-10-31 14:08:12,!9ea13680,BSM f14,-2.75,-2.75,2,2025-10-31 13:31:27,offline
2025-10-31 14:08:12,!d1e5e0b0,Meshtastic e0b0,-13.75,-13.75,0,2025-10-31 08:32:12,offline
2025-10-31 14:08:12,!0a9d53d1,Brian KJ7ZDB,-3.5,-3.5,3,2025-10-31 08:50:35,offline
2025-10-31 14:08:12,!6eb6e0f5,BlackJack,-10.25,-10.25,3,2025-10-31 13:57:45,online
2025-10-31 14:08:12,!38ba786a,Maridia,-12.25,-12.25,3,2025-10-31 13:34:54,offline
2025-10-31 14:08:12,!9e7656a8,Ying,6.25,6.25,0,2025-10-31 14:07:02,online
2025-10-31 14:08:12,!c1ea126d,WS7R Wisblock,-5.5,-5.5,3,2025-10-31 13:51:24,offline
2025-10-31 14:08:12,!7c5ad54c,Rave-tastic ü•≥ü§™ü´†,-19.5,-19.5,2,2025-10-31 14:04:57,online
2025-10-31 14:08:12,!da639380,Heltec A,-1.5,-1.5,3,2025-10-31 13:29:15,offline
2025-10-31 14:08:12,!3b46b334,WDZ3 Vegas Northwest ,-6.5,-6.5,1,2025-10-31 13:54:10,online
2025-10-31 14:08:12,!552ca6e6,Bravo_52,-9.0,-9.0,0,2025-10-31 13:56:07,online
2025-10-31 14:08:12,!092d4525,‡º∫·ó∑…≠·ëå·ó¥·ó∞I·îïT‡ºª  [pf],-15.0,-15.0,2,2025-10-31 10:42:28,offline
2025-10-31 14:08:12,!116b6706,Enterprise üì° [·õö·ö¨·ö¥·õÖ·ö¥·õÅ·öæ],-17.75,-17.75,2,2025-10-31 12:39:06,offline
2025-10-31 14:08:12,!16cd7ffc,Kyle | Base,-8.25,-8.25,1,2025-10-31 11:12:21,offline
2025-10-31 14:08:12,!b03c7450,myCARKEYS,-0.75,-0.75,5,2025-10-31 13:26:57,offline
2025-10-31 14:08:12,!9f60a365,Frenchman Mtn Base,-6.75,-6.75,3,2025-10-31 11:16:41,offline
2025-10-31 14:08:12,!9e9e2e24,üì±Meshtastic25Tango,-14.25,-14.25,2,2025-10-30 21:15:28,offline
2025-10-31 14:08:12,!43569c10,Mountains Edge,-13.75,-13.75,1,2025-10-31 14:01:26,online
2025-10-31 14:08:12,!849a5a2c,TIKI,-16.5,-16.5,4,2025-10-31 13:35:06,offline
2025-10-31 14:08:12,!a2549726,Meshtastic 9726,-3.5,-3.5,1,2025-10-31 10:25:08,offline
2025-10-31 14:08:12,!0e998fe8,Lifehouse1,-16.75,-16.75,4,2025-10-30 22:27:24,offline
2025-10-31 14:08:12,!2fb70101,GGM_Roof,-16.0,-16.0,2,2025-10-31 10:32:35,offline
2025-10-31 14:08:12,!a2ebd58c,Jay -N2VGK üá∫üá∏  (8) G2 base,-14.25,-14.25,0,2025-10-31 13:01:51,offline
2025-10-31 14:08:12,!a0ccd810,TBOT-AI-RPTR - Sahara & Nellis d810,-1.75,-1.75,4,2025-10-31 13:13:09,offline
2025-10-31 14:08:12,!15f12ed7,Mojave Hills [·õö·ö¨·ö¥·õÖ·ö¥·õÅ·öæ] ,-5.75,-5.75,2,2025-10-31 13:53:03,offline
2025-10-31 14:08:12,!3b46af94,WS7R G2,-9.25,-9.25,3,2025-10-31 12:59:37,offline
2025-10-31 14:08:12,!f79ad4c9,LASmesh Base 02 LAS Airport [üìµ],-14.0,-14.0,4,2025-10-31 08:18:34,offline
2025-10-31 14:08:12,!6b7f7ded,WV3V N. Vegas Central,-14.25,-14.25,2,2025-10-31 07:52:31,offline
2025-10-31 14:08:12,!c53cf974,üëÄ I See You [pf],-19.0,-19.0,1,2025-10-31 13:55:25,online
2025-10-31 14:08:12,!8dcec284,Kyle | Tracker,-13.5,-13.5,4,2025-10-31 13:48:00,offline
2025-10-31 14:08:12,!433c8a54,SidTech-Base,-6.75,-6.75,2,2025-10-31 11:15:25,offline
2025-10-31 14:08:12,!9ea1f4c0,BSM F40,-13.5,-13.5,3,2025-10-30 20:25:09,offline
2025-10-31 14:08:12,!95a5ed00,ALF2-BF,-10.5,-10.5,3,2025-10-31 13:46:00,offline
2025-10-31 14:08:12,!9bca09f6,Prickly Pear,-3.5,-3.5,3,2025-10-31 09:26:22,offline
2025-10-31 14:08:12,!f660edf4,Meshtastic edf4,-14.75,-14.75,2,2025-10-31 09:27:54,offline
2025-10-31 14:08:12,!d94d8a95,BeachHeadMobile,-2.75,-2.75,3,2025-10-31 13:11:18,offline
2025-10-31 14:08:12,!2c3ca9d7,ErwinCard1,-5.75,-5.75,3,2025-10-31 13:33:45,offline
2025-10-31 14:08:12,!433d8d28,Meshtastic PSM,-8.75,-8.75,3,2025-10-31 13:24:45,offline
2025-10-31 14:08:12,!fa2c4bc9,WS7R Rak Solar,-10.75,-10.75,3,2025-10-31 12:27:49,offline
2025-10-31 14:08:12,!6c73c96c,MHC Base [sneak],-7.0,-7.0,3,2025-10-31 11:26:25,offline
2025-10-31 14:08:12,!77dadd14,STONEBASE BC01,0,0,0,Never,offline
2025-10-31 14:08:12,!1a2c2e68,Frisky North West,-13.25,-13.25,2,2025-10-31 14:02:12,online
2025-10-31 14:08:12,!713d0b94,RhiSense,-14.75,-14.75,4,2025-10-31 09:48:48,offline
2025-10-31 14:08:12,!3d2cef79,Oops! All Mesh,-6.5,-6.5,1,2025-10-31 13:50:32,offline
2025-10-31 14:08:12,!1f9ff7c4,Meshtastic f7c4,-7.5,-7.5,2,2025-10-30 18:18:58,offline
2025-10-31 14:08:12,!33602434,Meshtastic 2434,-19.5,-19.5,3,2025-10-31 12:30:24,offline
2025-10-31 14:08:12,!9ee70784,Liath,-11.25,-11.25,2,2025-10-31 11:33:28,offline
2025-10-31 14:08:12,!1e37c665,BeachHead Base,-2.75,-2.75,1,2025-10-31 13:53:27,online
2025-10-31 14:08:12,!55cc087b,Virgin Peak ,-18.25,-18.25,5,2025-10-31 07:38:14,offline
2025-10-31 14:08:12,!f1fdab7e,Meshtastic ab7e,-9.75,-9.75,2,2025-10-31 11:40:39,offline
2025-10-31 14:08:12,!a2e4f15d,Bravo52_Station,-4.5,-4.5,2,2025-10-31 07:04:08,offline
2025-10-31 14:08:12,!6c743bd8,crystal mesh,-2.5,-2.5,1,2025-10-31 13:12:58,offline
2025-10-31 14:08:12,!433cad44,ü•° Falcor,-16.25,-16.25,2,2025-10-31 12:42:53,offline
2025-10-31 14:08:12,!27e0965e,MongoPawnInGameOfLife‚ôüÔ∏è,-16.0,-16.0,3,2025-10-31 10:45:30,offline
2025-10-31 14:08:12,!433cf880,MeshALago,-18.5,-18.5,5,2025-10-31 10:21:05,offline
2025-10-31 14:08:12,!bcc3d511,LASmesh Mobile M1,-14.0,-14.0,4,2025-10-31 07:08:02,offline
2025-10-31 14:08:12,!b6cdaadf,FoxByte SolarBlock KK7NYE,-3.75,-3.75,2,2025-10-31 13:28:35,offline
2025-10-31 14:08:12,!f71e3ba8,Salem Mobile [·õö·ö¨·ö¥·õÖ·ö¥·õÅ·öæ],-15.5,-15.5,5,2025-10-31 07:29:02,offline
2025-10-31 14:08:12,!e4a4ecb6,KT base-ecb6,-10.75,-10.75,3,2025-10-31 11:32:17,offline
2025-10-31 14:08:12,!ba662148,Cuban Pete,-19.5,-19.5,3,2025-10-31 11:59:07,offline
2025-10-31 14:08:12,!16ced69c,KJ7ZDB Base,-13.75,-13.75,2,2025-10-31 13:09:27,offline
2025-10-31 14:08:12,!0768b426,Meshtastic b426,-4.5,-4.5,2,2025-10-31 08:13:28,offline
2025-10-31 14:08:12,!e4856784,RAZOR TECHO,-1.0,-1.0,5,2025-10-30 22:51:22,offline
2025-10-31 14:08:12,!da4a1dfe,StreetPass,-0.75,-0.75,3,2025-10-30 23:32:41,offline
2025-10-31 14:08:12,!f9b9c700,N6XRE-MX-1-c700,4.0,4.0,3,2025-10-30 19:42:40,offline
2025-10-31 14:08:12,!aee038ab,Zziks ( Buckaroo ),-18.75,-18.75,2,2025-10-31 13:43:49,offline
2025-10-31 14:08:12,!9e7638d8,GMESH38d8,0,0,0,Never,offline
2025-10-31 14:08:12,!3902412e,ErwinBase,-15.5,-15.5,2,2025-10-31 13:56:54,online
2025-10-31 14:08:12,!4c1cf86b,MahtSense ,-16.75,-16.75,3,2025-10-31 12:32:31,offline
2025-10-31 14:08:12,!ead43ac6,WS7R Nano G2,-17.5,-17.5,4,2025-10-31 12:17:35,offline
2025-10-31 14:08:12,!7c5ad9b0,WS7R Wireless Paper,-18.25,-18.25,3,2025-10-31 13:39:25,offline
2025-10-31 14:08:12,!0daec6b5,South Paradise Meshtastic,-5.25,-5.25,2,2025-10-31 13:10:52,offline
2025-10-31 14:08:12,!433d4930,Meshtastic 4930,-4.0,-4.0,4,2025-10-31 00:29:52,offline
2025-10-31 14:08:12,!433d4958,Meshtastic 4958,4.75,4.75,4,2025-10-31 00:56:02,offline
2025-10-31 14:08:12,!16cfa1c8,ALF1-G2 Base,-6.75,-6.75,2,2025-10-31 13:50:50,offline
2025-10-31 14:08:12,!433cc654,Mlk & carey,-15.75,-15.75,1,2025-10-31 13:14:22,offline
2025-10-31 14:08:12,!95a573a0,ALF3-CM,-16.25,-16.25,2,2025-10-31 12:57:45,offline
2025-10-31 14:08:12,!f9b90490,Meshtastic 0490,-14.0,-14.0,3,2025-10-31 07:11:33,offline
2025-10-31 14:08:12,!f7d5753d,Meshtastic 753d,-10.25,-10.25,3,2025-10-31 13:48:47,offline
2025-10-31 14:08:12,!4358acc0,Macaroon,-7.0,-7.0,3,2025-10-31 11:07:01,offline
2025-10-31 14:08:12,!25df032c,ChopsEcho,-20.0,-20.0,3,2025-10-31 14:06:08,online
2025-10-31 14:08:12,!d2a96b97,Meshtastic 6b97,-9.5,-9.5,2,2025-10-31 13:47:19,offline
2025-10-31 14:08:12,!1301ba94,HSQF22,-14.25,-14.25,3,2025-10-31 08:24:39,offline
2025-10-31 14:08:12,!da567f78,Poseidon 7f78,0,0,0,Never,offline
2025-10-31 14:08:12,!8c0857c3,KLUBE,-9.25,-9.25,3,2025-10-31 09:05:49,offline
2025-10-31 14:08:12,!a0cb4950,Meshtastic 4950,0.5,0.5,2,2025-10-31 08:59:27,offline
2025-10-31 14:08:12,!a0cdac7f,Meshtastic ac7f,-18.75,-18.75,1,2025-10-31 09:01:23,offline
2025-10-31 14:08:12,!43580084,Meshtastic 0084,-12.5,-12.5,3,2025-10-31 13:17:30,offline
2025-10-31 14:08:12,!7091481d,Go Meshtastic,-18.75,-18.75,2,2025-10-31 09:36:29,offline
2025-10-31 14:08:12,!9c048d2a,Meshtastic 8d2a,-7.5,-7.5,2,2025-10-31 12:52:51,offline
2025-10-31 14:08:12,!209f9da6,Meshtastic 9da6,-11.0,-11.0,2,2025-10-31 10:16:44,offline
2025-10-31 14:08:12,!433e5768,Meshtastic 5768,-13.25,-13.25,3,2025-10-31 13:23:55,offline
2025-10-31 14:08:12,!1ae77426,Meshtastic 7426,-16.0,-16.0,2,2025-10-31 11:56:52,offline
2025-10-31 14:08:12,!92dc709f,Meshtastic 709f,-20.25,-20.25,4,2025-10-31 12:11:26,offline
2025-10-31 14:08:12,!db517cc8,Meshtastic 7cc8,-15.75,-15.75,6,2025-10-31 12:41:13,offline
2025-10-31 14:08:12,!f6e3a209,Nomad 2,-1.5,-1.5,3,2025-10-31 13:14:10,offline
2025-10-31 14:09:13,!9e757a8c,Meshtastic 7a8c,0,0,0,2025-10-31 14:08:09,online
2025-10-31 14:09:13,!4a14d2cc,Meshtastic d2cc,-11.75,-11.75,3,2025-10-30 20:35:01,offline
2025-10-31 14:09:13,!7838a968,Meshtastic a968,4.25,4.25,3,2025-10-31 00:03:43,offline
2025-10-31 14:09:13,!433b9050,VEU_Paper,-16.5,-16.5,2,2025-10-30 08:53:09,offline
2025-10-31 14:09:13,!c8f3b7ef,Meshtastic b7ef,-16.75,-16.75,1,2025-10-31 09:51:58,offline
2025-10-31 14:09:13,!9c5cc60c,Echo Solar Base Station,-14.5,-14.5,2,2025-10-31 13:27:04,offline
2025-10-31 14:09:13,!01996ab0,Mountains Edge,-6.0,-6.0,2,2025-10-31 13:59:22,online
2025-10-31 14:09:13,!4ecf2b4c,Decktastic,-6.25,-6.25,4,2025-10-31 13:51:56,offline
2025-10-31 14:09:13,!c29c9f56,Meshtastic 9f56,-13.5,-13.5,3,2025-10-31 08:14:06,offline
2025-10-31 14:09:13,!af20ba43,Ghost Solar,-12.25,-12.25,1,2025-10-31 14:01:48,online
2025-10-31 14:09:13,!1fa04dd0,TBm HB 4dd0,-19.5,-19.5,0,2025-10-31 13:58:17,online
2025-10-31 14:09:13,!ba6a7b7c,nothing to see here,-17.5,-17.5,2,2025-10-31 13:24:11,offline
2025-10-31 14:09:13,!31eb883d,Samurai 6 RAK,-14.75,-14.75,2,2025-10-31 00:01:38,offline
2025-10-31 14:09:13,!09f06f43,LASmesh Base 00 SWLV [ü§ñ !h | üìµ],-12.0,-12.0,3,2025-10-31 09:10:53,offline
2025-10-31 14:09:13,!a2e4ff18,ALF0-G2 Base,-12.0,-12.0,0,2025-10-31 13:49:02,offline
2025-10-31 14:09:13,!3360277c,ALF4-TBeam,-19.75,-19.75,1,2025-10-31 13:49:34,offline
2025-10-31 14:09:13,!da55ed28,Chuck Base 1,-16.5,-16.5,2,2025-10-31 13:25:01,offline
2025-10-31 14:09:13,!a0cc7d7c,Hel-TXT 7d7c,0.75,0.75,2,2025-10-30 19:41:12,offline
2025-10-31 14:09:13,!9ea13680,BSM f14,-2.75,-2.75,2,2025-10-31 13:31:27,offline
2025-10-31 14:09:13,!d1e5e0b0,Meshtastic e0b0,-13.75,-13.75,0,2025-10-31 08:32:12,offline
2025-10-31 14:09:13,!0a9d53d1,Brian KJ7ZDB,-3.5,-3.5,3,2025-10-31 08:50:35,offline
2025-10-31 14:09:13,!6eb6e0f5,BlackJack,-10.25,-10.25,3,2025-10-31 13:57:45,online
2025-10-31 14:09:13,!38ba786a,Maridia,-12.25,-12.25,3,2025-10-31 13:34:54,offline
2025-10-31 14:09:13,!9e7656a8,Ying,6.25,6.25,0,2025-10-31 14:07:02,online
2025-10-31 14:09:13,!c1ea126d,WS7R Wisblock,-5.5,-5.5,3,2025-10-31 13:51:24,offline
2025-10-31 14:09:13,!7c5ad54c,Rave-tastic ü•≥ü§™ü´†,-19.5,-19.5,2,2025-10-31 14:04:57,online
2025-10-31 14:09:13,!da639380,Heltec A,-1.5,-1.5,3,2025-10-31 13:29:15,offline
2025-10-31 14:09:13,!3b46b334,WDZ3 Vegas Northwest ,-6.5,-6.5,1,2025-10-31 13:54:10,offline
2025-10-31 14:09:13,!552ca6e6,Bravo_52,-9.0,-9.0,0,2025-10-31 13:56:07,online
2025-10-31 14:09:13,!092d4525,‡º∫·ó∑…≠·ëå·ó¥·ó∞I·îïT‡ºª  [pf],-15.0,-15.0,2,2025-10-31 10:42:28,offline
2025-10-31 14:09:13,!116b6706,Enterprise üì° [·õö·ö¨·ö¥·õÖ·ö¥·õÅ·öæ],-17.75,-17.75,2,2025-10-31 12:39:06,offline
2025-10-31 14:09:13,!16cd7ffc,Kyle | Base,-8.25,-8.25,1,2025-10-31 11:12:21,offline
2025-10-31 14:09:13,!b03c7450,myCARKEYS,-0.75,-0.75,5,2025-10-31 13:26:57,offline
2025-10-31 14:09:13,!9f60a365,Frenchman Mtn Base,-6.75,-6.75,3,2025-10-31 11:16:41,offline
2025-10-31 14:09:13,!9e9e2e24,üì±Meshtastic25Tango,-14.25,-14.25,2,2025-10-30 21:15:28,offline
2025-10-31 14:09:13,!43569c10,Mountains Edge,-13.75,-13.75,1,2025-10-31 14:01:26,online
2025-10-31 14:09:13,!849a5a2c,TIKI,-16.5,-16.5,4,2025-10-31 13:35:06,offline
2025-10-31 14:09:13,!a2549726,Meshtastic 9726,-3.5,-3.5,1,2025-10-31 10:25:08,offline
2025-10-31 14:09:13,!0e998fe8,Lifehouse1,-16.75,-16.75,4,2025-10-30 22:27:24,offline
2025-10-31 14:09:13,!2fb70101,GGM_Roof,-16.0,-16.0,2,2025-10-31 10:32:35,offline
2025-10-31 14:09:13,!a2ebd58c,Jay -N2VGK üá∫üá∏  (8) G2 base,-14.25,-14.25,0,2025-10-31 13:01:51,offline
2025-10-31 14:09:13,!a0ccd810,TBOT-AI-RPTR - Sahara & Nellis d810,-1.75,-1.75,4,2025-10-31 13:13:09,offline
2025-10-31 14:09:13,!15f12ed7,Mojave Hills [·õö·ö¨·ö¥·õÖ·ö¥·õÅ·öæ] ,-5.75,-5.75,2,2025-10-31 13:53:03,offline
2025-10-31 14:09:13,!3b46af94,WS7R G2,-9.25,-9.25,3,2025-10-31 12:59:37,offline
2025-10-31 14:09:13,!f79ad4c9,LASmesh Base 02 LAS Airport [üìµ],-14.0,-14.0,4,2025-10-31 08:18:34,offline
2025-10-31 14:09:13,!6b7f7ded,WV3V N. Vegas Central,-14.25,-14.25,2,2025-10-31 07:52:31,offline
2025-10-31 14:09:13,!c53cf974,üëÄ I See You [pf],-19.0,-19.0,1,2025-10-31 13:55:25,online
2025-10-31 14:09:13,!8dcec284,Kyle | Tracker,-13.5,-13.5,4,2025-10-31 13:48:00,offline
2025-10-31 14:09:13,!433c8a54,SidTech-Base,-6.75,-6.75,2,2025-10-31 11:15:25,offline
2025-10-31 14:09:13,!9ea1f4c0,BSM F40,-13.5,-13.5,3,2025-10-30 20:25:09,offline
2025-10-31 14:09:13,!95a5ed00,ALF2-BF,-10.5,-10.5,3,2025-10-31 13:46:00,offline
2025-10-31 14:09:13,!9bca09f6,Prickly Pear,-3.5,-3.5,3,2025-10-31 09:26:22,offline
2025-10-31 14:09:13,!f660edf4,Meshtastic edf4,-14.75,-14.75,2,2025-10-31 09:27:54,offline
2025-10-31 14:09:13,!d94d8a95,BeachHeadMobile,-2.75,-2.75,3,2025-10-31 13:11:18,offline
2025-10-31 14:09:13,!2c3ca9d7,ErwinCard1,-5.75,-5.75,3,2025-10-31 13:33:45,offline
2025-10-31 14:09:13,!433d8d28,Meshtastic PSM,-8.75,-8.75,3,2025-10-31 13:24:45,offline
2025-10-31 14:09:13,!fa2c4bc9,WS7R Rak Solar,-10.75,-10.75,3,2025-10-31 12:27:49,offline
2025-10-31 14:09:13,!6c73c96c,MHC Base [sneak],-7.0,-7.0,3,2025-10-31 11:26:25,offline
2025-10-31 14:09:13,!77dadd14,STONEBASE BC01,0,0,0,Never,offline
2025-10-31 14:09:13,!1a2c2e68,Frisky North West,-13.25,-13.25,2,2025-10-31 14:02:12,online
2025-10-31 14:09:13,!713d0b94,RhiSense,-14.75,-14.75,4,2025-10-31 09:48:48,offline
2025-10-31 14:09:13,!3d2cef79,Oops! All Mesh,-6.5,-6.5,1,2025-10-31 13:50:32,offline
2025-10-31 14:09:13,!1f9ff7c4,Meshtastic f7c4,-7.5,-7.5,2,2025-10-30 18:18:58,offline
2025-10-31 14:09:13,!33602434,Meshtastic 2434,-19.5,-19.5,3,2025-10-31 12:30:24,offline
2025-10-31 14:09:13,!9ee70784,Liath,-11.25,-11.25,2,2025-10-31 11:33:28,offline
2025-10-31 14:09:13,!1e37c665,BeachHead Base,-2.75,-2.75,1,2025-10-31 13:53:27,offline
2025-10-31 14:09:13,!55cc087b,Virgin Peak ,-18.25,-18.25,5,2025-10-31 07:38:14,offline
2025-10-31 14:09:13,!f1fdab7e,Meshtastic ab7e,-9.75,-9.75,2,2025-10-31 11:40:39,offline
2025-10-31 14:09:13,!a2e4f15d,Bravo52_Station,-4.5,-4.5,2,2025-10-31 07:04:08,offline
2025-10-31 14:09:13,!6c743bd8,crystal mesh,-2.5,-2.5,1,2025-10-31 13:12:58,offline
2025-10-31 14:09:13,!433cad44,ü•° Falcor,-16.25,-16.25,2,2025-10-31 12:42:53,offline
2025-10-31 14:09:13,!27e0965e,MongoPawnInGameOfLife‚ôüÔ∏è,-16.0,-16.0,3,2025-10-31 10:45:30,offline
2025-10-31 14:09:13,!433cf880,MeshALago,-18.5,-18.5,5,2025-10-31 10:21:05,offline
2025-10-31 14:09:13,!bcc3d511,LASmesh Mobile M1,-14.0,-14.0,4,2025-10-31 07:08:02,offline
2025-10-31 14:09:13,!b6cdaadf,FoxByte SolarBlock KK7NYE,-3.75,-3.75,2,2025-10-31 13:28:35,offline
2025-10-31 14:09:13,!f71e3ba8,Salem Mobile [·õö·ö¨·ö¥·õÖ·ö¥·õÅ·öæ],-15.5,-15.5,5,2025-10-31 07:29:02,offline
2025-10-31 14:09:13,!e4a4ecb6,KT base-ecb6,-10.75,-10.75,3,2025-10-31 11:32:17,offline
2025-10-31 14:09:13,!ba662148,Cuban Pete,-19.5,-19.5,3,2025-10-31 11:59:07,offline
2025-10-31 14:09:13,!16ced69c,KJ7ZDB Base,-13.75,-13.75,2,2025-10-31 13:09:27,offline
2025-10-31 14:09:13,!0768b426,Meshtastic b426,-4.5,-4.5,2,2025-10-31 08:13:28,offline
2025-10-31 14:09:13,!e4856784,RAZOR TECHO,-1.0,-1.0,5,2025-10-30 22:51:22,offline
2025-10-31 14:09:13,!da4a1dfe,StreetPass,-0.75,-0.75,3,2025-10-30 23:32:41,offline
2025-10-31 14:09:13,!f9b9c700,N6XRE-MX-1-c700,4.0,4.0,3,2025-10-30 19:42:40,offline
2025-10-31 14:09:13,!aee038ab,Zziks ( Buckaroo ),-18.75,-18.75,2,2025-10-31 13:43:49,offline
2025-10-31 14:09:13,!9e7638d8,GMESH38d8,0,0,0,Never,offline
2025-10-31 14:09:13,!3902412e,ErwinBase,-15.5,-15.5,2,2025-10-31 13:56:54,online
2025-10-31 14:09:13,!4c1cf86b,MahtSense ,-16.75,-16.75,3,2025-10-31 12:32:31,offline
2025-10-31 14:09:13,!ead43ac6,WS7R Nano G2,-17.5,-17.5,4,2025-10-31 12:17:35,offline
2025-10-31 14:09:13,!7c5ad9b0,WS7R Wireless Paper,-18.25,-18.25,3,2025-10-31 13:39:25,offline
2025-10-31 14:09:13,!0daec6b5,South Paradise Meshtastic,-5.25,-5.25,2,2025-10-31 13:10:52,offline
2025-10-31 14:09:13,!433d4930,Meshtastic 4930,-4.0,-4.0,4,2025-10-31 00:29:52,offline
2025-10-31 14:09:13,!433d4958,Meshtastic 4958,4.75,4.75,4,2025-10-31 00:56:02,offline
2025-10-31 14:09:13,!16cfa1c8,ALF1-G2 Base,-6.75,-6.75,2,2025-10-31 13:50:50,offline
2025-10-31 14:09:13,!433cc654,Mlk & carey,-15.75,-15.75,1,2025-10-31 13:14:22,offline
2025-10-31 14:09:13,!95a573a0,ALF3-CM,-16.25,-16.25,2,2025-10-31 12:57:45,offline
2025-10-31 14:09:13,!f9b90490,Meshtastic 0490,-14.0,-14.0,3,2025-10-31 07:11:33,offline
2025-10-31 14:09:13,!f7d5753d,Meshtastic 753d,-10.25,-10.25,3,2025-10-31 13:48:47,offline
2025-10-31 14:09:13,!4358acc0,Macaroon,-7.0,-7.0,3,2025-10-31 11:07:01,offline
2025-10-31 14:09:13,!25df032c,ChopsEcho,-20.0,-20.0,3,2025-10-31 14:06:08,online
2025-10-31 14:09:13,!d2a96b97,Meshtastic 6b97,-9.5,-9.5,2,2025-10-31 13:47:19,offline
2025-10-31 14:09:13,!1301ba94,HSQF22,-14.25,-14.25,3,2025-10-31 08:24:39,offline
2025-10-31 14:09:13,!da567f78,Poseidon 7f78,0,0,0,Never,offline
2025-10-31 14:09:13,!8c0857c3,KLUBE,-9.25,-9.25,3,2025-10-31 09:05:49,offline
2025-10-31 14:09:13,!a0cb4950,Meshtastic 4950,0.5,0.5,2,2025-10-31 08:59:27,offline
2025-10-31 14:09:13,!a0cdac7f,Meshtastic ac7f,-18.75,-18.75,1,2025-10-31 09:01:23,offline
2025-10-31 14:09:13,!43580084,Meshtastic 0084,-12.5,-12.5,3,2025-10-31 13:17:30,offline
2025-10-31 14:09:13,!7091481d,Go Meshtastic,-18.75,-18.75,2,2025-10-31 09:36:29,offline
2025-10-31 14:09:13,!9c048d2a,Meshtastic 8d2a,-7.5,-7.5,2,2025-10-31 12:52:51,offline
2025-10-31 14:09:13,!209f9da6,Meshtastic 9da6,-11.0,-11.0,2,2025-10-31 10:16:44,offline
2025-10-31 14:09:13,!433e5768,Meshtastic 5768,-13.25,-13.25,3,2025-10-31 13:23:55,offline
2025-10-31 14:09:13,!1ae77426,Meshtastic 7426,-16.0,-16.0,2,2025-10-31 11:56:52,offline
2025-10-31 14:09:13,!92dc709f,Meshtastic 709f,-20.25,-20.25,4,2025-10-31 12:11:26,offline
2025-10-31 14:09:13,!db517cc8,Meshtastic 7cc8,-15.75,-15.75,6,2025-10-31 12:41:13,offline
2025-10-31 14:09:13,!f6e3a209,Nomad 2,-1.5,-1.5,3,2025-10-31 13:14:10,offline
2025-10-31 14:10:53,!9e757a8c,Meshtastic 7a8c,0,0,0,2025-10-31 14:10:50,online
2025-10-31 14:10:53,!4a14d2cc,Meshtastic d2cc,-11.75,-11.75,3,2025-10-30 20:35:01,offline
2025-10-31 14:10:53,!7838a968,Meshtastic a968,4.25,4.25,3,2025-10-31 00:03:43,offline
2025-10-31 14:10:53,!433b9050,VEU_Paper,-16.5,-16.5,2,2025-10-30 08:53:09,offline
2025-10-31 14:10:53,!c8f3b7ef,Meshtastic b7ef,-16.75,-16.75,1,2025-10-31 09:51:58,offline
2025-10-31 14:10:53,!9c5cc60c,Echo Solar Base Station,-14.5,-14.5,2,2025-10-31 13:27:04,offline
2025-10-31 14:10:53,!01996ab0,Mountains Edge,-6.0,-6.0,2,2025-10-31 13:59:22,online
2025-10-31 14:10:53,!4ecf2b4c,Decktastic,-6.25,-6.25,4,2025-10-31 13:51:56,offline
2025-10-31 14:10:53,!c29c9f56,Meshtastic 9f56,-13.5,-13.5,3,2025-10-31 08:14:06,offline
2025-10-31 14:10:53,!af20ba43,Ghost Solar,-12.25,-12.25,1,2025-10-31 14:01:48,online
2025-10-31 14:10:53,!1fa04dd0,TBm HB 4dd0,-19.5,-19.5,0,2025-10-31 13:58:17,online
2025-10-31 14:10:53,!ba6a7b7c,nothing to see here,-17.5,-17.5,2,2025-10-31 13:24:11,offline
2025-10-31 14:10:53,!31eb883d,Samurai 6 RAK,-14.75,-14.75,2,2025-10-31 00:01:38,offline
2025-10-31 14:10:53,!09f06f43,LASmesh Base 00 SWLV [ü§ñ !h | üìµ],-12.0,-12.0,3,2025-10-31 09:10:53,offline
2025-10-31 14:10:53,!a2e4ff18,ALF0-G2 Base,-12.0,-12.0,0,2025-10-31 13:49:02,offline
2025-10-31 14:10:53,!3360277c,ALF4-TBeam,-19.75,-19.75,1,2025-10-31 13:49:34,offline
2025-10-31 14:10:53,!da55ed28,Chuck Base 1,-16.5,-16.5,2,2025-10-31 13:25:01,offline
2025-10-31 14:10:53,!a0cc7d7c,Hel-TXT 7d7c,0.75,0.75,2,2025-10-30 19:41:12,offline
2025-10-31 14:10:53,!9ea13680,BSM f14,-2.75,-2.75,2,2025-10-31 13:31:27,offline
2025-10-31 14:10:53,!d1e5e0b0,Meshtastic e0b0,-13.75,-13.75,0,2025-10-31 08:32:12,offline
2025-10-31 14:10:53,!0a9d53d1,Brian KJ7ZDB,-3.5,-3.5,3,2025-10-31 08:50:35,offline
2025-10-31 14:10:53,!6eb6e0f5,BlackJack,-10.25,-10.25,3,2025-10-31 13:57:45,online
2025-10-31 14:10:53,!38ba786a,Maridia,-12.25,-12.25,3,2025-10-31 13:34:54,offline
2025-10-31 14:10:53,!9e7656a8,Ying,6.25,6.25,0,2025-10-31 14:07:02,online
2025-10-31 14:10:53,!c1ea126d,WS7R Wisblock,-5.5,-5.5,3,2025-10-31 13:51:24,offline
2025-10-31 14:10:53,!7c5ad54c,Rave-tastic ü•≥ü§™ü´†,-19.5,-19.5,2,2025-10-31 14:04:57,online
2025-10-31 14:10:53,!da639380,Heltec A,-1.5,-1.5,3,2025-10-31 13:29:15,offline
2025-10-31 14:10:53,!3b46b334,WDZ3 Vegas Northwest ,-6.5,-6.5,1,2025-10-31 13:54:10,offline
2025-10-31 14:10:53,!552ca6e6,Bravo_52,-9.0,-9.0,0,2025-10-31 13:56:07,online
2025-10-31 14:10:53,!092d4525,‡º∫·ó∑…≠·ëå·ó¥·ó∞I·îïT‡ºª  [pf],-15.0,-15.0,2,2025-10-31 10:42:28,offline
2025-10-31 14:10:53,!116b6706,Enterprise üì° [·õö·ö¨·ö¥·õÖ·ö¥·õÅ·öæ],-17.75,-17.75,2,2025-10-31 12:39:06,offline
2025-10-31 14:10:53,!16cd7ffc,Kyle | Base,-8.25,-8.25,1,2025-10-31 11:12:21,offline
2025-10-31 14:10:53,!b03c7450,myCARKEYS,-0.75,-0.75,5,2025-10-31 13:26:57,offline
2025-10-31 14:10:53,!9f60a365,Frenchman Mtn Base,-6.75,-6.75,3,2025-10-31 11:16:41,offline
2025-10-31 14:10:53,!9e9e2e24,üì±Meshtastic25Tango,-14.25,-14.25,2,2025-10-30 21:15:28,offline
2025-10-31 14:10:53,!43569c10,Mountains Edge,-13.75,-13.75,1,2025-10-31 14:01:26,online
2025-10-31 14:10:53,!849a5a2c,TIKI,-16.5,-16.5,4,2025-10-31 13:35:06,offline
2025-10-31 14:10:53,!a2549726,Meshtastic 9726,-3.5,-3.5,1,2025-10-31 10:25:08,offline
2025-10-31 14:10:53,!0e998fe8,Lifehouse1,-16.75,-16.75,4,2025-10-30 22:27:24,offline
2025-10-31 14:10:53,!2fb70101,GGM_Roof,-16.0,-16.0,2,2025-10-31 10:32:35,offline
2025-10-31 14:10:53,!a2ebd58c,Jay -N2VGK üá∫üá∏  (8) G2 base,-14.25,-14.25,0,2025-10-31 13:01:51,offline
2025-10-31 14:10:53,!a0ccd810,TBOT-AI-RPTR - Sahara & Nellis d810,-1.75,-1.75,4,2025-10-31 13:13:09,offline
2025-10-31 14:10:53,!15f12ed7,Mojave Hills [·õö·ö¨·ö¥·õÖ·ö¥·õÅ·öæ] ,-5.75,-5.75,2,2025-10-31 13:53:03,offline
2025-10-31 14:10:53,!3b46af94,WS7R G2,-9.25,-9.25,3,2025-10-31 12:59:37,offline
2025-10-31 14:10:53,!f79ad4c9,LASmesh Base 02 LAS Airport [üìµ],-14.0,-14.0,4,2025-10-31 08:18:34,offline
2025-10-31 14:10:53,!6b7f7ded,WV3V N. Vegas Central,-14.25,-14.25,2,2025-10-31 07:52:31,offline
2025-10-31 14:10:53,!c53cf974,üëÄ I See You [pf],-19.0,-19.0,1,2025-10-31 13:55:25,offline
2025-10-31 14:10:53,!8dcec284,Kyle | Tracker,-13.5,-13.5,4,2025-10-31 13:48:00,offline
2025-10-31 14:10:53,!433c8a54,SidTech-Base,-6.75,-6.75,2,2025-10-31 11:15:25,offline
2025-10-31 14:10:53,!9ea1f4c0,BSM F40,-13.5,-13.5,3,2025-10-30 20:25:09,offline
2025-10-31 14:10:53,!95a5ed00,ALF2-BF,-10.5,-10.5,3,2025-10-31 13:46:00,offline
2025-10-31 14:10:53,!9bca09f6,Prickly Pear,-3.5,-3.5,3,2025-10-31 09:26:22,offline
2025-10-31 14:10:53,!f660edf4,Meshtastic edf4,-14.75,-14.75,2,2025-10-31 09:27:54,offline
2025-10-31 14:10:53,!d94d8a95,BeachHeadMobile,-2.75,-2.75,3,2025-10-31 13:11:18,offline
2025-10-31 14:10:53,!2c3ca9d7,ErwinCard1,-5.75,-5.75,3,2025-10-31 13:33:45,offline
2025-10-31 14:10:53,!433d8d28,Meshtastic PSM,-8.75,-8.75,3,2025-10-31 13:24:45,offline
2025-10-31 14:10:53,!fa2c4bc9,WS7R Rak Solar,-10.75,-10.75,3,2025-10-31 12:27:49,offline
2025-10-31 14:10:53,!6c73c96c,MHC Base [sneak],-7.0,-7.0,3,2025-10-31 11:26:25,offline
2025-10-31 14:10:53,!77dadd14,STONEBASE BC01,0,0,0,Never,offline
2025-10-31 14:10:53,!1a2c2e68,Frisky North West,-13.25,-13.25,2,2025-10-31 14:02:12,online
2025-10-31 14:10:53,!713d0b94,RhiSense,-14.75,-14.75,4,2025-10-31 09:48:48,offline
2025-10-31 14:10:53,!3d2cef79,Oops! All Mesh,-6.5,-6.5,1,2025-10-31 13:50:32,offline
2025-10-31 14:10:53,!1f9ff7c4,Meshtastic f7c4,-7.5,-7.5,2,2025-10-30 18:18:58,offline
2025-10-31 14:10:53,!33602434,Meshtastic 2434,-19.5,-19.5,3,2025-10-31 12:30:24,offline
2025-10-31 14:10:53,!9ee70784,Liath,-11.25,-11.25,2,2025-10-31 11:33:28,offline
2025-10-31 14:10:53,!1e37c665,BeachHead Base,-2.75,-2.75,1,2025-10-31 13:53:27,offline
2025-10-31 14:10:53,!55cc087b,Virgin Peak ,-18.25,-18.25,5,2025-10-31 07:38:14,offline
2025-10-31 14:10:53,!f1fdab7e,Meshtastic ab7e,-9.75,-9.75,2,2025-10-31 11:40:39,offline
2025-10-31 14:10:53,!a2e4f15d,Bravo52_Station,-4.5,-4.5,2,2025-10-31 07:04:08,offline
2025-10-31 14:10:53,!6c743bd8,crystal mesh,-2.5,-2.5,1,2025-10-31 13:12:58,offline
2025-10-31 14:10:53,!433cad44,ü•° Falcor,-16.25,-16.25,2,2025-10-31 12:42:53,offline
2025-10-31 14:10:53,!27e0965e,MongoPawnInGameOfLife‚ôüÔ∏è,-16.0,-16.0,3,2025-10-31 10:45:30,offline
2025-10-31 14:10:53,!433cf880,MeshALago,-18.5,-18.5,5,2025-10-31 10:21:05,offline
2025-10-31 14:10:53,!bcc3d511,LASmesh Mobile M1,-14.0,-14.0,4,2025-10-31 07:08:02,offline
2025-10-31 14:10:53,!b6cdaadf,FoxByte SolarBlock KK7NYE,-3.75,-3.75,2,2025-10-31 13:28:35,offline
2025-10-31 14:10:53,!f71e3ba8,Salem Mobile [·õö·ö¨·ö¥·õÖ·ö¥·õÅ·öæ],-15.5,-15.5,5,2025-10-31 07:29:02,offline
2025-10-31 14:10:53,!e4a4ecb6,KT base-ecb6,-10.75,-10.75,3,2025-10-31 11:32:17,offline
2025-10-31 14:10:53,!ba662148,Cuban Pete,-19.5,-19.5,3,2025-10-31 11:59:07,offline
2025-10-31 14:10:53,!16ced69c,KJ7ZDB Base,-13.75,-13.75,2,2025-10-31 13:09:27,offline
2025-10-31 14:10:53,!0768b426,Meshtastic b426,-4.5,-4.5,2,2025-10-31 08:13:28,offline
2025-10-31 14:10:53,!e4856784,RAZOR TECHO,-1.0,-1.0,5,2025-10-30 22:51:22,offline
2025-10-31 14:10:53,!da4a1dfe,StreetPass,-0.75,-0.75,3,2025-10-30 23:32:41,offline
2025-10-31 14:10:53,!f9b9c700,N6XRE-MX-1-c700,4.0,4.0,3,2025-10-30 19:42:40,offline
2025-10-31 14:10:53,!aee038ab,Zziks ( Buckaroo ),-18.75,-18.75,2,2025-10-31 13:43:49,offline
2025-10-31 14:10:53,!9e7638d8,GMESH38d8,0,0,0,Never,offline
2025-10-31 14:10:53,!3902412e,ErwinBase,-15.5,-15.5,2,2025-10-31 13:56:54,online
2025-10-31 14:10:53,!4c1cf86b,MahtSense ,-16.75,-16.75,3,2025-10-31 12:32:31,offline
2025-10-31 14:10:53,!ead43ac6,WS7R Nano G2,-17.5,-17.5,4,2025-10-31 12:17:35,offline
2025-10-31 14:10:53,!7c5ad9b0,WS7R Wireless Paper,-18.25,-18.25,3,2025-10-31 13:39:25,offline
2025-10-31 14:10:53,!0daec6b5,South Paradise Meshtastic,-5.25,-5.25,2,2025-10-31 13:10:52,offline
2025-10-31 14:10:53,!433d4930,Meshtastic 4930,-4.0,-4.0,4,2025-10-31 00:29:52,offline
2025-10-31 14:10:53,!433d4958,Meshtastic 4958,4.75,4.75,4,2025-10-31 00:56:02,offline
2025-10-31 14:10:53,!16cfa1c8,ALF1-G2 Base,-6.75,-6.75,2,2025-10-31 13:50:50,offline
2025-10-31 14:10:53,!433cc654,Mlk & carey,-15.75,-15.75,1,2025-10-31 13:14:22,offline
2025-10-31 14:10:53,!95a573a0,ALF3-CM,-16.25,-16.25,2,2025-10-31 12:57:45,offline
2025-10-31 14:10:53,!f9b90490,Meshtastic 0490,-14.0,-14.0,3,2025-10-31 07:11:33,offline
2025-10-31 14:10:53,!f7d5753d,Meshtastic 753d,-10.25,-10.25,3,2025-10-31 13:48:47,offline
2025-10-31 14:10:53,!4358acc0,Macaroon,-7.0,-7.0,3,2025-10-31 11:07:01,offline
2025-10-31 14:10:53,!25df032c,ChopsEcho,-20.0,-20.0,3,2025-10-31 14:06:08,online
2025-10-31 14:10:53,!d2a96b97,Meshtastic 6b97,-9.5,-9.5,2,2025-10-31 13:47:19,offline
2025-10-31 14:10:53,!1301ba94,HSQF22,-14.25,-14.25,3,2025-10-31 08:24:39,offline
2025-10-31 14:10:53,!da567f78,Poseidon 7f78,0,0,0,Never,offline
2025-10-31 14:10:53,!8c0857c3,KLUBE,-9.25,-9.25,3,2025-10-31 09:05:49,offline
2025-10-31 14:10:53,!a0cb4950,Meshtastic 4950,0.5,0.5,2,2025-10-31 08:59:27,offline
2025-10-31 14:10:53,!a0cdac7f,Meshtastic ac7f,-18.75,-18.75,1,2025-10-31 09:01:23,offline
2025-10-31 14:10:53,!43580084,Meshtastic 0084,-12.5,-12.5,3,2025-10-31 13:17:30,offline
2025-10-31 14:10:53,!7091481d,Go Meshtastic,-18.75,-18.75,2,2025-10-31 09:36:29,offline
2025-10-31 14:10:53,!9c048d2a,Meshtastic 8d2a,-7.5,-7.5,2,2025-10-31 12:52:51,offline
2025-10-31 14:10:53,!209f9da6,Meshtastic 9da6,-11.0,-11.0,2,2025-10-31 10:16:44,offline
2025-10-31 14:10:53,!433e5768,Meshtastic 5768,-13.25,-13.25,3,2025-10-31 13:23:55,offline
2025-10-31 14:10:53,!1ae77426,Meshtastic 7426,-16.0,-16.0,2,2025-10-31 11:56:52,offline
2025-10-31 14:10:53,!92dc709f,Meshtastic 709f,-20.25,-20.25,4,2025-10-31 12:11:26,offline
2025-10-31 14:10:53,!db517cc8,Meshtastic 7cc8,-15.75,-15.75,6,2025-10-31 12:41:13,offline
2025-10-31 14:10:53,!f6e3a209,Nomad 2,-1.5,-1.5,3,2025-10-31 13:14:10,offline
2025-10-31 14:18:45,!9e757a8c,Meshtastic 7a8c,0,0,0,2025-10-31 14:18:42,online
2025-10-31 14:18:45,!4a14d2cc,Meshtastic d2cc,-11.75,-11.75,3,2025-10-30 20:35:01,offline
2025-10-31 14:18:45,!7838a968,Meshtastic a968,4.25,4.25,3,2025-10-31 00:03:43,offline
2025-10-31 14:18:45,!433b9050,VEU_Paper,-16.5,-16.5,2,2025-10-30 08:53:09,offline
2025-10-31 14:18:45,!c8f3b7ef,Meshtastic b7ef,-16.75,-16.75,1,2025-10-31 09:51:58,offline
2025-10-31 14:18:45,!9c5cc60c,Echo Solar Base Station,-19.25,-19.25,1,2025-10-31 14:12:34,online
2025-10-31 14:18:45,!01996ab0,Mountains Edge,-6.0,-6.0,2,2025-10-31 13:59:22,offline
2025-10-31 14:18:45,!4ecf2b4c,Decktastic,-6.25,-6.25,4,2025-10-31 13:51:56,offline
2025-10-31 14:18:45,!c29c9f56,Meshtastic 9f56,-13.5,-13.5,3,2025-10-31 08:14:06,offline
2025-10-31 14:18:45,!af20ba43,Ghost Solar,-17.5,-17.5,1,2025-10-31 14:12:15,online
2025-10-31 14:18:45,!1fa04dd0,TBm HB 4dd0,-19.5,-19.5,0,2025-10-31 13:58:17,offline
2025-10-31 14:18:45,!ba6a7b7c,nothing to see here,-17.5,-17.5,2,2025-10-31 13:24:11,offline
2025-10-31 14:18:45,!31eb883d,Samurai 6 RAK,-14.75,-14.75,2,2025-10-31 00:01:38,offline
2025-10-31 14:18:45,!09f06f43,LASmesh Base 00 SWLV [ü§ñ !h | üìµ],-12.0,-12.0,3,2025-10-31 09:10:53,offline
2025-10-31 14:18:45,!a2e4ff18,ALF0-G2 Base,-12.0,-12.0,0,2025-10-31 13:49:02,offline
2025-10-31 14:18:45,!3360277c,ALF4-TBeam,-19.75,-19.75,1,2025-10-31 13:49:34,offline
2025-10-31 14:18:45,!da55ed28,Chuck Base 1,-16.5,-16.5,2,2025-10-31 13:25:01,offline
2025-10-31 14:18:45,!a0cc7d7c,Hel-TXT 7d7c,0.75,0.75,2,2025-10-30 19:41:12,offline
2025-10-31 14:18:45,!9ea13680,BSM f14,-2.75,-2.75,2,2025-10-31 13:31:27,offline
2025-10-31 14:18:45,!d1e5e0b0,Meshtastic e0b0,-13.75,-13.75,0,2025-10-31 08:32:12,offline
2025-10-31 14:18:45,!0a9d53d1,Brian KJ7ZDB,-3.5,-3.5,3,2025-10-31 08:50:35,offline
2025-10-31 14:18:45,!6eb6e0f5,BlackJack,-10.25,-10.25,3,2025-10-31 13:57:45,offline
2025-10-31 14:18:45,!38ba786a,Maridia,-12.25,-12.25,3,2025-10-31 13:34:54,offline
2025-10-31 14:18:45,!9e7656a8,Ying,6.25,6.25,0,2025-10-31 14:07:02,online
2025-10-31 14:18:45,!c1ea126d,WS7R Wisblock,-5.5,-5.5,3,2025-10-31 13:51:24,offline
2025-10-31 14:18:45,!7c5ad54c,Rave-tastic ü•≥ü§™ü´†,-19.5,-19.5,2,2025-10-31 14:04:57,online
2025-10-31 14:18:45,!da639380,Heltec A,-1.5,-1.5,3,2025-10-31 13:29:15,offline
2025-10-31 14:18:45,!3b46b334,WDZ3 Vegas Northwest ,-6.5,-6.5,1,2025-10-31 13:54:10,offline
2025-10-31 14:18:45,!552ca6e6,Bravo_52,-9.0,-9.0,0,2025-10-31 13:56:07,offline
2025-10-31 14:18:45,!092d4525,‡º∫·ó∑…≠·ëå·ó¥·ó∞I·îïT‡ºª  [pf],-15.0,-15.0,2,2025-10-31 10:42:28,offline
2025-10-31 14:18:45,!116b6706,Enterprise üì° [·õö·ö¨·ö¥·õÖ·ö¥·õÅ·öæ],-17.75,-17.75,2,2025-10-31 12:39:06,offline
2025-10-31 14:18:45,!16cd7ffc,Kyle | Base,-8.25,-8.25,1,2025-10-31 11:12:21,offline
2025-10-31 14:18:45,!b03c7450,myCARKEYS,-0.75,-0.75,5,2025-10-31 13:26:57,offline
2025-10-31 14:18:45,!9f60a365,Frenchman Mtn Base,-6.75,-6.75,3,2025-10-31 11:16:41,offline
2025-10-31 14:18:45,!9e9e2e24,üì±Meshtastic25Tango,-14.25,-14.25,2,2025-10-30 21:15:28,offline
2025-10-31 14:18:45,!43569c10,Mountains Edge,-13.75,-13.75,1,2025-10-31 14:01:26,offline
2025-10-31 14:18:45,!849a5a2c,TIKI,-16.5,-16.5,4,2025-10-31 13:35:06,offline
2025-10-31 14:18:45,!a2549726,Meshtastic 9726,-3.5,-3.5,1,2025-10-31 10:25:08,offline
2025-10-31 14:18:45,!0e998fe8,Lifehouse1,-16.75,-16.75,4,2025-10-30 22:27:24,offline
2025-10-31 14:18:45,!2fb70101,GGM_Roof,-16.0,-16.0,2,2025-10-31 10:32:35,offline
2025-10-31 14:18:45,!a2ebd58c,Jay -N2VGK üá∫üá∏  (8) G2 base,-14.25,-14.25,0,2025-10-31 13:01:51,offline
2025-10-31 14:18:45,!a0ccd810,TBOT-AI-RPTR - Sahara & Nellis d810,-1.75,-1.75,4,2025-10-31 13:13:09,offline
2025-10-31 14:18:45,!15f12ed7,Mojave Hills [·õö·ö¨·ö¥·õÖ·ö¥·õÅ·öæ] ,-5.75,-5.75,2,2025-10-31 13:53:03,offline
2025-10-31 14:18:45,!3b46af94,WS7R G2,-9.25,-9.25,3,2025-10-31 12:59:37,offline
2025-10-31 14:18:45,!f79ad4c9,LASmesh Base 02 LAS Airport [üìµ],-14.0,-14.0,4,2025-10-31 08:18:34,offline
2025-10-31 14:18:45,!6b7f7ded,WV3V N. Vegas Central,-14.25,-14.25,2,2025-10-31 07:52:31,offline
2025-10-31 14:18:45,!c53cf974,üëÄ I See You [pf],-19.0,-19.0,1,2025-10-31 13:55:25,offline
2025-10-31 14:18:45,!8dcec284,Kyle | Tracker,-13.5,-13.5,4,2025-10-31 13:48:00,offline
2025-10-31 14:18:45,!433c8a54,SidTech-Base,-6.75,-6.75,2,2025-10-31 11:15:25,offline
2025-10-31 14:18:45,!9ea1f4c0,BSM F40,-13.5,-13.5,3,2025-10-30 20:25:09,offline
2025-10-31 14:18:45,!95a5ed00,ALF2-BF,-10.5,-10.5,3,2025-10-31 13:46:00,offline
2025-10-31 14:18:45,!9bca09f6,Prickly Pear,-3.5,-3.5,3,2025-10-31 09:26:22,offline
2025-10-31 14:18:45,!f660edf4,Meshtastic edf4,-14.75,-14.75,2,2025-10-31 09:27:54,offline
2025-10-31 14:18:45,!d94d8a95,BeachHeadMobile,-2.75,-2.75,3,2025-10-31 13:11:18,offline
2025-10-31 14:18:45,!2c3ca9d7,ErwinCard1,-5.75,-5.75,3,2025-10-31 13:33:45,offline
2025-10-31 14:18:45,!433d8d28,Meshtastic PSM,-8.75,-8.75,3,2025-10-31 13:24:45,offline
2025-10-31 14:18:45,!fa2c4bc9,WS7R Rak Solar,-10.75,-10.75,3,2025-10-31 12:27:49,offline
2025-10-31 14:18:45,!6c73c96c,MHC Base [sneak],-7.0,-7.0,3,2025-10-31 11:26:25,offline
2025-10-31 14:18:45,!77dadd14,STONEBASE BC01,0,0,0,Never,offline
2025-10-31 14:18:45,!1a2c2e68,Frisky North West,-13.25,-13.25,2,2025-10-31 14:02:12,offline
2025-10-31 14:18:45,!713d0b94,RhiSense,-14.75,-14.75,4,2025-10-31 09:48:48,offline
2025-10-31 14:18:45,!3d2cef79,Oops! All Mesh,-21.25,-21.25,1,2025-10-31 14:18:27,online
2025-10-31 14:18:45,!1f9ff7c4,Meshtastic f7c4,-7.5,-7.5,2,2025-10-30 18:18:58,offline
2025-10-31 14:18:45,!33602434,Meshtastic 2434,-19.5,-19.5,3,2025-10-31 12:30:24,offline
2025-10-31 14:18:45,!9ee70784,Liath,-11.25,-11.25,2,2025-10-31 11:33:28,offline
2025-10-31 14:18:45,!1e37c665,BeachHead Base,-2.75,-2.75,1,2025-10-31 13:53:27,offline
2025-10-31 14:18:45,!55cc087b,Virgin Peak ,-18.25,-18.25,5,2025-10-31 07:38:14,offline
2025-10-31 14:18:45,!f1fdab7e,Meshtastic ab7e,-9.75,-9.75,2,2025-10-31 11:40:39,offline
2025-10-31 14:18:45,!a2e4f15d,Bravo52_Station,-4.5,-4.5,2,2025-10-31 07:04:08,offline
2025-10-31 14:18:45,!6c743bd8,crystal mesh,-2.5,-2.5,1,2025-10-31 13:12:58,offline
2025-10-31 14:18:45,!433cad44,ü•° Falcor,-16.25,-16.25,2,2025-10-31 12:42:53,offline
2025-10-31 14:18:45,!27e0965e,MongoPawnInGameOfLife‚ôüÔ∏è,-16.0,-16.0,3,2025-10-31 10:45:30,offline
2025-10-31 14:18:45,!433cf880,MeshALago,-18.5,-18.5,5,2025-10-31 10:21:05,offline
2025-10-31 14:18:45,!bcc3d511,LASmesh Mobile M1,-14.0,-14.0,4,2025-10-31 07:08:02,offline
2025-10-31 14:18:45,!b6cdaadf,FoxByte SolarBlock KK7NYE,-3.75,-3.75,2,2025-10-31 13:28:35,offline
2025-10-31 14:18:45,!f71e3ba8,Salem Mobile [·õö·ö¨·ö¥·õÖ·ö¥·õÅ·öæ],-15.5,-15.5,5,2025-10-31 07:29:02,offline
2025-10-31 14:18:45,!e4a4ecb6,KT base-ecb6,-10.75,-10.75,3,2025-10-31 11:32:17,offline
2025-10-31 14:18:45,!ba662148,Cuban Pete,-19.5,-19.5,3,2025-10-31 11:59:07,offline
2025-10-31 14:18:45,!16ced69c,KJ7ZDB Base,-13.75,-13.75,2,2025-10-31 13:09:27,offline
2025-10-31 14:18:45,!0768b426,Meshtastic b426,-4.5,-4.5,2,2025-10-31 08:13:28,offline
2025-10-31 14:18:45,!e4856784,RAZOR TECHO,-1.0,-1.0,5,2025-10-30 22:51:22,offline
2025-10-31 14:18:45,!da4a1dfe,StreetPass,-0.75,-0.75,3,2025-10-30 23:32:41,offline
2025-10-31 14:18:45,!f9b9c700,N6XRE-MX-1-c700,4.0,4.0,3,2025-10-30 19:42:40,offline
2025-10-31 14:18:45,!aee038ab,Zziks ( Buckaroo ),-18.75,-18.75,2,2025-10-31 13:43:49,offline
2025-10-31 14:18:45,!9e7638d8,GMESH38d8,0,0,0,Never,offline
2025-10-31 14:18:45,!3902412e,ErwinBase,-15.5,-15.5,2,2025-10-31 13:56:54,offline
2025-10-31 14:18:45,!4c1cf86b,MahtSense ,-16.75,-16.75,3,2025-10-31 12:32:31,offline
2025-10-31 14:18:45,!ead43ac6,WS7R Nano G2,-17.5,-17.5,4,2025-10-31 12:17:35,offline
2025-10-31 14:18:45,!7c5ad9b0,WS7R Wireless Paper,-18.25,-18.25,3,2025-10-31 13:39:25,offline
2025-10-31 14:18:45,!0daec6b5,South Paradise Meshtastic,-5.25,-5.25,2,2025-10-31 13:10:52,offline
2025-10-31 14:18:45,!433d4930,Meshtastic 4930,-4.0,-4.0,4,2025-10-31 00:29:52,offline
2025-10-31 14:18:45,!433d4958,Meshtastic 4958,4.75,4.75,4,2025-10-31 00:56:02,offline
2025-10-31 14:18:45,!16cfa1c8,ALF1-G2 Base,-6.75,-6.75,2,2025-10-31 13:50:50,offline
2025-10-31 14:18:45,!433cc654,Mlk & carey,-15.75,-15.75,1,2025-10-31 13:14:22,offline
2025-10-31 14:18:45,!95a573a0,ALF3-CM,-16.25,-16.25,2,2025-10-31 12:57:45,offline
2025-10-31 14:18:45,!f9b90490,Meshtastic 0490,-14.0,-14.0,3,2025-10-31 07:11:33,offline
2025-10-31 14:18:45,!f7d5753d,Meshtastic 753d,-10.25,-10.25,3,2025-10-31 13:48:47,offline
2025-10-31 14:18:45,!4358acc0,Macaroon,-7.0,-7.0,3,2025-10-31 11:07:01,offline
2025-10-31 14:18:45,!25df032c,ChopsEcho,-20.0,-20.0,3,2025-10-31 14:06:08,online
2025-10-31 14:18:45,!d2a96b97,Meshtastic 6b97,-9.5,-9.5,2,2025-10-31 13:47:19,offline
2025-10-31 14:18:45,!1301ba94,HSQF22,-14.25,-14.25,3,2025-10-31 08:24:39,offline
2025-10-31 14:18:45,!da567f78,Poseidon 7f78,0,0,0,Never,offline
2025-10-31 14:18:45,!8c0857c3,KLUBE,-9.25,-9.25,3,2025-10-31 09:05:49,offline
2025-10-31 14:18:45,!a0cb4950,Meshtastic 4950,0.5,0.5,2,2025-10-31 08:59:27,offline
2025-10-31 14:18:45,!a0cdac7f,Meshtastic ac7f,-18.75,-18.75,1,2025-10-31 09:01:23,offline
2025-10-31 14:18:45,!43580084,Meshtastic 0084,-12.5,-12.5,3,2025-10-31 13:17:30,offline
2025-10-31 14:18:45,!7091481d,Go Meshtastic,-18.75,-18.75,2,2025-10-31 09:36:29,offline
2025-10-31 14:18:45,!9c048d2a,Meshtastic 8d2a,-7.5,-7.5,2,2025-10-31 12:52:51,offline
2025-10-31 14:18:45,!209f9da6,Meshtastic 9da6,-11.0,-11.0,2,2025-10-31 10:16:44,offline
2025-10-31 14:18:45,!433e5768,Meshtastic 5768,-13.25,-13.25,3,2025-10-31 13:23:55,offline
2025-10-31 14:18:45,!1ae77426,Meshtastic 7426,-16.0,-16.0,2,2025-10-31 11:56:52,offline
2025-10-31 14:18:45,!92dc709f,Meshtastic 709f,-20.25,-20.25,4,2025-10-31 12:11:26,offline
2025-10-31 14:18:45,!db517cc8,Meshtastic 7cc8,-15.75,-15.75,6,2025-10-31 12:41:13,offline
2025-10-31 14:18:45,!f6e3a209,Nomad 2,-1.5,-1.5,3,2025-10-31 13:14:10,offline
2025-10-31 14:20:31,!9e757a8c,Meshtastic 7a8c,0,0,0,2025-10-31 14:20:28,online
2025-10-31 14:20:31,!4a14d2cc,Meshtastic d2cc,-11.75,-11.75,3,2025-10-30 20:35:01,offline
2025-10-31 14:20:31,!7838a968,Meshtastic a968,4.25,4.25,3,2025-10-31 00:03:43,offline
2025-10-31 14:20:31,!433b9050,VEU_Paper,-16.5,-16.5,2,2025-10-30 08:53:09,offline
2025-10-31 14:20:31,!c8f3b7ef,Meshtastic b7ef,-16.75,-16.75,1,2025-10-31 09:51:58,offline
2025-10-31 14:20:31,!9c5cc60c,Echo Solar Base Station,-19.25,-19.25,1,2025-10-31 14:12:34,online
2025-10-31 14:20:31,!01996ab0,Mountains Edge,-6.0,-6.0,2,2025-10-31 13:59:22,offline
2025-10-31 14:20:31,!4ecf2b4c,Decktastic,-6.25,-6.25,4,2025-10-31 13:51:56,offline
2025-10-31 14:20:31,!c29c9f56,Meshtastic 9f56,-13.5,-13.5,3,2025-10-31 08:14:06,offline
2025-10-31 14:20:31,!af20ba43,Ghost Solar,-17.5,-17.5,1,2025-10-31 14:12:15,online
2025-10-31 14:20:31,!1fa04dd0,TBm HB 4dd0,-19.5,-19.5,0,2025-10-31 13:58:17,offline
2025-10-31 14:20:31,!ba6a7b7c,nothing to see here,-17.5,-17.5,2,2025-10-31 13:24:11,offline
2025-10-31 14:20:31,!31eb883d,Samurai 6 RAK,-14.75,-14.75,2,2025-10-31 00:01:38,offline
2025-10-31 14:20:31,!09f06f43,LASmesh Base 00 SWLV [ü§ñ !h | üìµ],-12.0,-12.0,3,2025-10-31 09:10:53,offline
2025-10-31 14:20:31,!a2e4ff18,ALF0-G2 Base,-12.0,-12.0,0,2025-10-31 13:49:02,offline
2025-10-31 14:20:31,!3360277c,ALF4-TBeam,-19.75,-19.75,1,2025-10-31 13:49:34,offline
2025-10-31 14:20:31,!da55ed28,Chuck Base 1,-16.5,-16.5,2,2025-10-31 13:25:01,offline
2025-10-31 14:20:31,!a0cc7d7c,Hel-TXT 7d7c,0.75,0.75,2,2025-10-30 19:41:12,offline
2025-10-31 14:20:31,!9ea13680,BSM f14,-2.75,-2.75,2,2025-10-31 13:31:27,offline
2025-10-31 14:20:31,!d1e5e0b0,Meshtastic e0b0,-13.75,-13.75,0,2025-10-31 08:32:12,offline
2025-10-31 14:20:31,!0a9d53d1,Brian KJ7ZDB,-3.5,-3.5,3,2025-10-31 08:50:35,offline
2025-10-31 14:20:31,!6eb6e0f5,BlackJack,-10.25,-10.25,3,2025-10-31 13:57:45,offline
2025-10-31 14:20:31,!38ba786a,Maridia,-12.25,-12.25,3,2025-10-31 13:34:54,offline
2025-10-31 14:20:31,!9e7656a8,Ying,6.25,6.25,0,2025-10-31 14:07:02,online
2025-10-31 14:20:31,!c1ea126d,WS7R Wisblock,-5.5,-5.5,3,2025-10-31 13:51:24,offline
2025-10-31 14:20:31,!7c5ad54c,Rave-tastic ü•≥ü§™ü´†,-19.5,-19.5,2,2025-10-31 14:04:57,offline
2025-10-31 14:20:31,!da639380,Heltec A,-1.5,-1.5,3,2025-10-31 13:29:15,offline
2025-10-31 14:20:31,!3b46b334,WDZ3 Vegas Northwest ,-6.5,-6.5,1,2025-10-31 13:54:10,offline
2025-10-31 14:20:31,!552ca6e6,Bravo_52,-9.0,-9.0,0,2025-10-31 13:56:07,offline
2025-10-31 14:20:31,!092d4525,‡º∫·ó∑…≠·ëå·ó¥·ó∞I·îïT‡ºª  [pf],-15.0,-15.0,2,2025-10-31 10:42:28,offline
2025-10-31 14:20:31,!116b6706,Enterprise üì° [·õö·ö¨·ö¥·õÖ·ö¥·õÅ·öæ],-17.75,-17.75,2,2025-10-31 12:39:06,offline
2025-10-31 14:20:31,!16cd7ffc,Kyle | Base,-8.25,-8.25,1,2025-10-31 11:12:21,offline
2025-10-31 14:20:31,!b03c7450,myCARKEYS,-0.75,-0.75,5,2025-10-31 13:26:57,offline
2025-10-31 14:20:31,!9f60a365,Frenchman Mtn Base,-6.75,-6.75,3,2025-10-31 11:16:41,offline
2025-10-31 14:20:31,!9e9e2e24,üì±Meshtastic25Tango,-14.25,-14.25,2,2025-10-30 21:15:28,offline
2025-10-31 14:20:31,!43569c10,Mountains Edge,-13.75,-13.75,1,2025-10-31 14:01:26,offline
2025-10-31 14:20:31,!849a5a2c,TIKI,-16.5,-16.5,4,2025-10-31 13:35:06,offline
2025-10-31 14:20:31,!a2549726,Meshtastic 9726,-3.5,-3.5,1,2025-10-31 10:25:08,offline
2025-10-31 14:20:31,!0e998fe8,Lifehouse1,-16.75,-16.75,4,2025-10-30 22:27:24,offline
2025-10-31 14:20:31,!2fb70101,GGM_Roof,-16.0,-16.0,2,2025-10-31 10:32:35,offline
2025-10-31 14:20:31,!a2ebd58c,Jay -N2VGK üá∫üá∏  (8) G2 base,-14.25,-14.25,0,2025-10-31 13:01:51,offline
2025-10-31 14:20:31,!a0ccd810,TBOT-AI-RPTR - Sahara & Nellis d810,-1.75,-1.75,4,2025-10-31 13:13:09,offline
2025-10-31 14:20:31,!15f12ed7,Mojave Hills [·õö·ö¨·ö¥·õÖ·ö¥·õÅ·öæ] ,-5.75,-5.75,2,2025-10-31 13:53:03,offline
2025-10-31 14:20:31,!3b46af94,WS7R G2,-9.25,-9.25,3,2025-10-31 12:59:37,offline
2025-10-31 14:20:31,!f79ad4c9,LASmesh Base 02 LAS Airport [üìµ],-14.0,-14.0,4,2025-10-31 08:18:34,offline
2025-10-31 14:20:31,!6b7f7ded,WV3V N. Vegas Central,-14.25,-14.25,2,2025-10-31 07:52:31,offline
2025-10-31 14:20:31,!c53cf974,üëÄ I See You [pf],-19.0,-19.0,1,2025-10-31 13:55:25,offline
2025-10-31 14:20:31,!8dcec284,Kyle | Tracker,-13.5,-13.5,4,2025-10-31 13:48:00,offline
2025-10-31 14:20:31,!433c8a54,SidTech-Base,-6.75,-6.75,2,2025-10-31 11:15:25,offline
2025-10-31 14:20:31,!9ea1f4c0,BSM F40,-13.5,-13.5,3,2025-10-30 20:25:09,offline
2025-10-31 14:20:31,!95a5ed00,ALF2-BF,-10.5,-10.5,3,2025-10-31 13:46:00,offline
2025-10-31 14:20:31,!9bca09f6,Prickly Pear,-3.5,-3.5,3,2025-10-31 09:26:22,offline
2025-10-31 14:20:31,!f660edf4,Meshtastic edf4,-14.75,-14.75,2,2025-10-31 09:27:54,offline
2025-10-31 14:20:31,!d94d8a95,BeachHeadMobile,-2.75,-2.75,3,2025-10-31 13:11:18,offline
2025-10-31 14:20:31,!2c3ca9d7,ErwinCard1,-5.75,-5.75,3,2025-10-31 13:33:45,offline
2025-10-31 14:20:31,!433d8d28,Meshtastic PSM,-8.75,-8.75,3,2025-10-31 13:24:45,offline
2025-10-31 14:20:31,!fa2c4bc9,WS7R Rak Solar,-10.75,-10.75,3,2025-10-31 12:27:49,offline
2025-10-31 14:20:31,!6c73c96c,MHC Base [sneak],-7.0,-7.0,3,2025-10-31 11:26:25,offline
2025-10-31 14:20:31,!77dadd14,STONEBASE BC01,0,0,0,Never,offline
2025-10-31 14:20:31,!1a2c2e68,Frisky North West,-13.25,-13.25,2,2025-10-31 14:02:12,offline
2025-10-31 14:20:31,!713d0b94,RhiSense,-14.75,-14.75,4,2025-10-31 09:48:48,offline
2025-10-31 14:20:31,!3d2cef79,Oops! All Mesh,-21.25,-21.25,1,2025-10-31 14:18:27,online
2025-10-31 14:20:31,!1f9ff7c4,Meshtastic f7c4,-7.5,-7.5,2,2025-10-30 18:18:58,offline
2025-10-31 14:20:31,!33602434,Meshtastic 2434,-19.5,-19.5,3,2025-10-31 12:30:24,offline
2025-10-31 14:20:31,!9ee70784,Liath,-11.25,-11.25,2,2025-10-31 11:33:28,offline
2025-10-31 14:20:31,!1e37c665,BeachHead Base,-2.75,-2.75,1,2025-10-31 13:53:27,offline
2025-10-31 14:20:31,!55cc087b,Virgin Peak ,-18.25,-18.25,5,2025-10-31 07:38:14,offline
2025-10-31 14:20:31,!f1fdab7e,Meshtastic ab7e,-9.75,-9.75,2,2025-10-31 11:40:39,offline
2025-10-31 14:20:31,!a2e4f15d,Bravo52_Station,-4.5,-4.5,2,2025-10-31 07:04:08,offline
2025-10-31 14:20:31,!6c743bd8,crystal mesh,-2.5,-2.5,1,2025-10-31 13:12:58,offline
2025-10-31 14:20:31,!433cad44,ü•° Falcor,-16.25,-16.25,2,2025-10-31 12:42:53,offline
2025-10-31 14:20:31,!27e0965e,MongoPawnInGameOfLife‚ôüÔ∏è,-16.0,-16.0,3,2025-10-31 10:45:30,offline
2025-10-31 14:20:31,!433cf880,MeshALago,-18.5,-18.5,5,2025-10-31 10:21:05,offline
2025-10-31 14:20:31,!bcc3d511,LASmesh Mobile M1,-14.0,-14.0,4,2025-10-31 07:08:02,offline
2025-10-31 14:20:31,!b6cdaadf,FoxByte SolarBlock KK7NYE,-3.75,-3.75,2,2025-10-31 13:28:35,offline
2025-10-31 14:20:31,!f71e3ba8,Salem Mobile [·õö·ö¨·ö¥·õÖ·ö¥·õÅ·öæ],-15.5,-15.5,5,2025-10-31 07:29:02,offline
2025-10-31 14:20:31,!e4a4ecb6,KT base-ecb6,-10.75,-10.75,3,2025-10-31 11:32:17,offline
2025-10-31 14:20:31,!ba662148,Cuban Pete,-19.5,-19.5,3,2025-10-31 11:59:07,offline
2025-10-31 14:20:31,!16ced69c,KJ7ZDB Base,-13.75,-13.75,2,2025-10-31 13:09:27,offline
2025-10-31 14:20:31,!0768b426,Meshtastic b426,-4.5,-4.5,2,2025-10-31 08:13:28,offline
2025-10-31 14:20:31,!e4856784,RAZOR TECHO,-1.0,-1.0,5,2025-10-30 22:51:22,offline
2025-10-31 14:20:31,!da4a1dfe,StreetPass,-0.75,-0.75,3,2025-10-30 23:32:41,offline
2025-10-31 14:20:31,!f9b9c700,N6XRE-MX-1-c700,4.0,4.0,3,2025-10-30 19:42:40,offline
2025-10-31 14:20:31,!aee038ab,Zziks ( Buckaroo ),-18.75,-18.75,2,2025-10-31 13:43:49,offline
2025-10-31 14:20:31,!9e7638d8,GMESH38d8,0,0,0,Never,offline
2025-10-31 14:20:31,!3902412e,ErwinBase,-15.5,-15.5,2,2025-10-31 13:56:54,offline
2025-10-31 14:20:31,!4c1cf86b,MahtSense ,-16.75,-16.75,3,2025-10-31 12:32:31,offline
2025-10-31 14:20:31,!ead43ac6,WS7R Nano G2,-17.5,-17.5,4,2025-10-31 12:17:35,offline
2025-10-31 14:20:31,!7c5ad9b0,WS7R Wireless Paper,-18.25,-18.25,3,2025-10-31 13:39:25,offline
2025-10-31 14:20:31,!0daec6b5,South Paradise Meshtastic,-5.25,-5.25,2,2025-10-31 13:10:52,offline
2025-10-31 14:20:31,!433d4930,Meshtastic 4930,-4.0,-4.0,4,2025-10-31 00:29:52,offline
2025-10-31 14:20:31,!433d4958,Meshtastic 4958,4.75,4.75,4,2025-10-31 00:56:02,offline
2025-10-31 14:20:31,!16cfa1c8,ALF1-G2 Base,-6.75,-6.75,2,2025-10-31 13:50:50,offline
2025-10-31 14:20:31,!433cc654,Mlk & carey,-15.75,-15.75,1,2025-10-31 13:14:22,offline
2025-10-31 14:20:31,!95a573a0,ALF3-CM,-16.25,-16.25,2,2025-10-31 12:57:45,offline
2025-10-31 14:20:31,!f9b90490,Meshtastic 0490,-14.0,-14.0,3,2025-10-31 07:11:33,offline
2025-10-31 14:20:31,!f7d5753d,Meshtastic 753d,-10.25,-10.25,3,2025-10-31 13:48:47,offline
2025-10-31 14:20:31,!4358acc0,Macaroon,-7.0,-7.0,3,2025-10-31 11:07:01,offline
2025-10-31 14:20:31,!25df032c,ChopsEcho,-20.0,-20.0,3,2025-10-31 14:06:08,online
2025-10-31 14:20:31,!d2a96b97,Meshtastic 6b97,-9.5,-9.5,2,2025-10-31 13:47:19,offline
2025-10-31 14:20:31,!1301ba94,HSQF22,-14.25,-14.25,3,2025-10-31 08:24:39,offline
2025-10-31 14:20:31,!da567f78,Poseidon 7f78,0,0,0,Never,offline
2025-10-31 14:20:31,!8c0857c3,KLUBE,-9.25,-9.25,3,2025-10-31 09:05:49,offline
2025-10-31 14:20:31,!a0cb4950,Meshtastic 4950,0.5,0.5,2,2025-10-31 08:59:27,offline
2025-10-31 14:20:31,!a0cdac7f,Meshtastic ac7f,-18.75,-18.75,1,2025-10-31 09:01:23,offline
2025-10-31 14:20:31,!43580084,Meshtastic 0084,-12.5,-12.5,3,2025-10-31 13:17:30,offline
2025-10-31 14:20:31,!7091481d,Go Meshtastic,-18.75,-18.75,2,2025-10-31 09:36:29,offline
2025-10-31 14:20:31,!9c048d2a,Meshtastic 8d2a,-7.5,-7.5,2,2025-10-31 12:52:51,offline
2025-10-31 14:20:31,!209f9da6,Meshtastic 9da6,-11.0,-11.0,2,2025-10-31 10:16:44,offline
2025-10-31 14:20:31,!433e5768,Meshtastic 5768,-13.25,-13.25,3,2025-10-31 13:23:55,offline
2025-10-31 14:20:31,!1ae77426,Meshtastic 7426,-16.0,-16.0,2,2025-10-31 11:56:52,offline
2025-10-31 14:20:31,!92dc709f,Meshtastic 709f,-20.25,-20.25,4,2025-10-31 12:11:26,offline
2025-10-31 14:20:31,!db517cc8,Meshtastic 7cc8,-15.75,-15.75,6,2025-10-31 12:41:13,offline
2025-10-31 14:20:31,!f6e3a209,Nomad 2,-1.5,-1.5,3,2025-10-31 13:14:10,offline
2025-10-31 14:21:35,!9e757a8c,Meshtastic 7a8c,0,0,0,2025-10-31 14:21:32,online
2025-10-31 14:21:35,!4a14d2cc,Meshtastic d2cc,-11.75,-11.75,3,2025-10-30 20:35:01,offline
2025-10-31 14:21:35,!7838a968,Meshtastic a968,4.25,4.25,3,2025-10-31 00:03:43,offline
2025-10-31 14:21:35,!433b9050,VEU_Paper,-16.5,-16.5,2,2025-10-30 08:53:09,offline
2025-10-31 14:21:35,!c8f3b7ef,Meshtastic b7ef,-16.75,-16.75,1,2025-10-31 09:51:58,offline
2025-10-31 14:21:35,!9c5cc60c,Echo Solar Base Station,-19.25,-19.25,1,2025-10-31 14:12:34,online
2025-10-31 14:21:35,!01996ab0,Mountains Edge,-6.0,-6.0,2,2025-10-31 13:59:22,offline
2025-10-31 14:21:35,!4ecf2b4c,Decktastic,-6.25,-6.25,4,2025-10-31 13:51:56,offline
2025-10-31 14:21:35,!c29c9f56,Meshtastic 9f56,-13.5,-13.5,3,2025-10-31 08:14:06,offline
2025-10-31 14:21:35,!af20ba43,Ghost Solar,-17.5,-17.5,1,2025-10-31 14:12:15,online
2025-10-31 14:21:35,!1fa04dd0,TBm HB 4dd0,-19.5,-19.5,0,2025-10-31 13:58:17,offline
2025-10-31 14:21:35,!ba6a7b7c,nothing to see here,-17.5,-17.5,2,2025-10-31 13:24:11,offline
2025-10-31 14:21:35,!31eb883d,Samurai 6 RAK,-14.75,-14.75,2,2025-10-31 00:01:38,offline
2025-10-31 14:21:35,!09f06f43,LASmesh Base 00 SWLV [ü§ñ !h | üìµ],-12.0,-12.0,3,2025-10-31 09:10:53,offline
2025-10-31 14:21:35,!a2e4ff18,ALF0-G2 Base,-12.0,-12.0,0,2025-10-31 13:49:02,offline
2025-10-31 14:21:35,!3360277c,ALF4-TBeam,-19.75,-19.75,1,2025-10-31 13:49:34,offline
2025-10-31 14:21:35,!da55ed28,Chuck Base 1,-16.5,-16.5,2,2025-10-31 13:25:01,offline
2025-10-31 14:21:35,!a0cc7d7c,Hel-TXT 7d7c,0.75,0.75,2,2025-10-30 19:41:12,offline
2025-10-31 14:21:35,!9ea13680,BSM f14,-2.75,-2.75,2,2025-10-31 13:31:27,offline
2025-10-31 14:21:35,!d1e5e0b0,Meshtastic e0b0,-13.75,-13.75,0,2025-10-31 08:32:12,offline
2025-10-31 14:21:35,!0a9d53d1,Brian KJ7ZDB,-3.5,-3.5,3,2025-10-31 08:50:35,offline
2025-10-31 14:21:35,!6eb6e0f5,BlackJack,-10.25,-10.25,3,2025-10-31 13:57:45,offline
2025-10-31 14:21:35,!38ba786a,Maridia,-12.25,-12.25,3,2025-10-31 13:34:54,offline
2025-10-31 14:21:35,!9e7656a8,Ying,6.25,6.25,0,2025-10-31 14:07:02,online
2025-10-31 14:21:35,!c1ea126d,WS7R Wisblock,-5.5,-5.5,3,2025-10-31 13:51:24,offline
2025-10-31 14:21:35,!7c5ad54c,Rave-tastic ü•≥ü§™ü´†,-19.5,-19.5,2,2025-10-31 14:04:57,offline
2025-10-31 14:21:35,!da639380,Heltec A,-1.5,-1.5,3,2025-10-31 13:29:15,offline
2025-10-31 14:21:35,!3b46b334,WDZ3 Vegas Northwest ,-6.5,-6.5,1,2025-10-31 13:54:10,offline
2025-10-31 14:21:35,!552ca6e6,Bravo_52,-9.0,-9.0,0,2025-10-31 13:56:07,offline
2025-10-31 14:21:35,!092d4525,‡º∫·ó∑…≠·ëå·ó¥·ó∞I·îïT‡ºª  [pf],-15.0,-15.0,2,2025-10-31 10:42:28,offline
2025-10-31 14:21:35,!116b6706,Enterprise üì° [·õö·ö¨·ö¥·õÖ·ö¥·õÅ·öæ],-17.75,-17.75,2,2025-10-31 12:39:06,offline
2025-10-31 14:21:35,!16cd7ffc,Kyle | Base,-8.25,-8.25,1,2025-10-31 11:12:21,offline
2025-10-31 14:21:35,!b03c7450,myCARKEYS,-0.75,-0.75,5,2025-10-31 13:26:57,offline
2025-10-31 14:21:35,!9f60a365,Frenchman Mtn Base,-6.75,-6.75,3,2025-10-31 11:16:41,offline
2025-10-31 14:21:35,!9e9e2e24,üì±Meshtastic25Tango,-14.25,-14.25,2,2025-10-30 21:15:28,offline
2025-10-31 14:21:35,!43569c10,Mountains Edge,-13.75,-13.75,1,2025-10-31 14:01:26,offline
2025-10-31 14:21:35,!849a5a2c,TIKI,-16.5,-16.5,4,2025-10-31 13:35:06,offline
2025-10-31 14:21:35,!a2549726,Meshtastic 9726,-3.5,-3.5,1,2025-10-31 10:25:08,offline
2025-10-31 14:21:35,!0e998fe8,Lifehouse1,-16.75,-16.75,4,2025-10-30 22:27:24,offline
2025-10-31 14:21:35,!2fb70101,GGM_Roof,-16.0,-16.0,2,2025-10-31 10:32:35,offline
2025-10-31 14:21:35,!a2ebd58c,Jay -N2VGK üá∫üá∏  (8) G2 base,-14.25,-14.25,0,2025-10-31 13:01:51,offline
2025-10-31 14:21:35,!a0ccd810,TBOT-AI-RPTR - Sahara & Nellis d810,-1.75,-1.75,4,2025-10-31 13:13:09,offline
2025-10-31 14:21:35,!15f12ed7,Mojave Hills [·õö·ö¨·ö¥·õÖ·ö¥·õÅ·öæ] ,-5.75,-5.75,2,2025-10-31 13:53:03,offline
2025-10-31 14:21:35,!3b46af94,WS7R G2,-9.25,-9.25,3,2025-10-31 12:59:37,offline
2025-10-31 14:21:35,!f79ad4c9,LASmesh Base 02 LAS Airport [üìµ],-14.0,-14.0,4,2025-10-31 08:18:34,offline
2025-10-31 14:21:35,!6b7f7ded,WV3V N. Vegas Central,-14.25,-14.25,2,2025-10-31 07:52:31,offline
2025-10-31 14:21:35,!c53cf974,üëÄ I See You [pf],-19.0,-19.0,1,2025-10-31 13:55:25,offline
2025-10-31 14:21:35,!8dcec284,Kyle | Tracker,-13.5,-13.5,4,2025-10-31 13:48:00,offline
2025-10-31 14:21:35,!433c8a54,SidTech-Base,-6.75,-6.75,2,2025-10-31 11:15:25,offline
2025-10-31 14:21:35,!9ea1f4c0,BSM F40,-13.5,-13.5,3,2025-10-30 20:25:09,offline
2025-10-31 14:21:35,!95a5ed00,ALF2-BF,-10.5,-10.5,3,2025-10-31 13:46:00,offline
2025-10-31 14:21:35,!9bca09f6,Prickly Pear,-3.5,-3.5,3,2025-10-31 09:26:22,offline
2025-10-31 14:21:35,!f660edf4,Meshtastic edf4,-14.75,-14.75,2,2025-10-31 09:27:54,offline
2025-10-31 14:21:35,!d94d8a95,BeachHeadMobile,-2.75,-2.75,3,2025-10-31 13:11:18,offline
2025-10-31 14:21:35,!2c3ca9d7,ErwinCard1,-5.75,-5.75,3,2025-10-31 13:33:45,offline
2025-10-31 14:21:35,!433d8d28,Meshtastic PSM,-8.75,-8.75,3,2025-10-31 13:24:45,offline
2025-10-31 14:21:35,!fa2c4bc9,WS7R Rak Solar,-10.75,-10.75,3,2025-10-31 12:27:49,offline
2025-10-31 14:21:35,!6c73c96c,MHC Base [sneak],-7.0,-7.0,3,2025-10-31 11:26:25,offline
2025-10-31 14:21:35,!77dadd14,STONEBASE BC01,0,0,0,Never,offline
2025-10-31 14:21:35,!1a2c2e68,Frisky North West,-13.25,-13.25,2,2025-10-31 14:02:12,offline
2025-10-31 14:21:35,!713d0b94,RhiSense,-14.75,-14.75,4,2025-10-31 09:48:48,offline
2025-10-31 14:21:35,!3d2cef79,Oops! All Mesh,-21.25,-21.25,1,2025-10-31 14:18:27,online
2025-10-31 14:21:35,!1f9ff7c4,Meshtastic f7c4,-7.5,-7.5,2,2025-10-30 18:18:58,offline
2025-10-31 14:21:35,!33602434,Meshtastic 2434,-19.5,-19.5,3,2025-10-31 12:30:24,offline
2025-10-31 14:21:35,!9ee70784,Liath,-11.25,-11.25,2,2025-10-31 11:33:28,offline
2025-10-31 14:21:35,!1e37c665,BeachHead Base,-2.75,-2.75,1,2025-10-31 13:53:27,offline
2025-10-31 14:21:35,!55cc087b,Virgin Peak ,-18.25,-18.25,5,2025-10-31 07:38:14,offline
2025-10-31 14:21:35,!f1fdab7e,Meshtastic ab7e,-9.75,-9.75,2,2025-10-31 11:40:39,offline
2025-10-31 14:21:35,!a2e4f15d,Bravo52_Station,-4.5,-4.5,2,2025-10-31 07:04:08,offline
2025-10-31 14:21:35,!6c743bd8,crystal mesh,-2.5,-2.5,1,2025-10-31 13:12:58,offline
2025-10-31 14:21:35,!433cad44,ü•° Falcor,-16.25,-16.25,2,2025-10-31 12:42:53,offline
2025-10-31 14:21:35,!27e0965e,MongoPawnInGameOfLife‚ôüÔ∏è,-16.0,-16.0,3,2025-10-31 10:45:30,offline
2025-10-31 14:21:35,!433cf880,MeshALago,-18.5,-18.5,5,2025-10-31 10:21:05,offline
2025-10-31 14:21:35,!bcc3d511,LASmesh Mobile M1,-14.0,-14.0,4,2025-10-31 07:08:02,offline
2025-10-31 14:21:35,!b6cdaadf,FoxByte SolarBlock KK7NYE,-3.75,-3.75,2,2025-10-31 13:28:35,offline
2025-10-31 14:21:35,!f71e3ba8,Salem Mobile [·õö·ö¨·ö¥·õÖ·ö¥·õÅ·öæ],-15.5,-15.5,5,2025-10-31 07:29:02,offline
2025-10-31 14:21:35,!e4a4ecb6,KT base-ecb6,-10.75,-10.75,3,2025-10-31 11:32:17,offline
2025-10-31 14:21:35,!ba662148,Cuban Pete,-19.5,-19.5,3,2025-10-31 11:59:07,offline
2025-10-31 14:21:35,!16ced69c,KJ7ZDB Base,-13.75,-13.75,2,2025-10-31 13:09:27,offline
2025-10-31 14:21:35,!0768b426,Meshtastic b426,-4.5,-4.5,2,2025-10-31 08:13:28,offline
2025-10-31 14:21:35,!e4856784,RAZOR TECHO,-1.0,-1.0,5,2025-10-30 22:51:22,offline
2025-10-31 14:21:35,!da4a1dfe,StreetPass,-0.75,-0.75,3,2025-10-30 23:32:41,offline
2025-10-31 14:21:35,!f9b9c700,N6XRE-MX-1-c700,4.0,4.0,3,2025-10-30 19:42:40,offline
2025-10-31 14:21:35,!aee038ab,Zziks ( Buckaroo ),-18.75,-18.75,2,2025-10-31 13:43:49,offline
2025-10-31 14:21:35,!9e7638d8,GMESH38d8,0,0,0,Never,offline
2025-10-31 14:21:35,!3902412e,ErwinBase,-15.5,-15.5,2,2025-10-31 13:56:54,offline
2025-10-31 14:21:35,!4c1cf86b,MahtSense ,-16.75,-16.75,3,2025-10-31 12:32:31,offline
2025-10-31 14:21:35,!ead43ac6,WS7R Nano G2,-17.5,-17.5,4,2025-10-31 12:17:35,offline
2025-10-31 14:21:35,!7c5ad9b0,WS7R Wireless Paper,-18.25,-18.25,3,2025-10-31 13:39:25,offline
2025-10-31 14:21:35,!0daec6b5,South Paradise Meshtastic,-5.25,-5.25,2,2025-10-31 13:10:52,offline
2025-10-31 14:21:35,!433d4930,Meshtastic 4930,-4.0,-4.0,4,2025-10-31 00:29:52,offline
2025-10-31 14:21:35,!433d4958,Meshtastic 4958,4.75,4.75,4,2025-10-31 00:56:02,offline
2025-10-31 14:21:35,!16cfa1c8,ALF1-G2 Base,-6.75,-6.75,2,2025-10-31 13:50:50,offline
2025-10-31 14:21:35,!433cc654,Mlk & carey,-15.75,-15.75,1,2025-10-31 13:14:22,offline
2025-10-31 14:21:35,!95a573a0,ALF3-CM,-16.25,-16.25,2,2025-10-31 12:57:45,offline
2025-10-31 14:21:35,!f9b90490,Meshtastic 0490,-14.0,-14.0,3,2025-10-31 07:11:33,offline
2025-10-31 14:21:35,!f7d5753d,Meshtastic 753d,-10.25,-10.25,3,2025-10-31 13:48:47,offline
2025-10-31 14:21:35,!4358acc0,Macaroon,-7.0,-7.0,3,2025-10-31 11:07:01,offline
2025-10-31 14:21:35,!25df032c,ChopsEcho,-20.0,-20.0,3,2025-10-31 14:06:08,offline
2025-10-31 14:21:35,!d2a96b97,Meshtastic 6b97,-9.5,-9.5,2,2025-10-31 13:47:19,offline
2025-10-31 14:21:35,!1301ba94,HSQF22,-14.25,-14.25,3,2025-10-31 08:24:39,offline
2025-10-31 14:21:35,!da567f78,Poseidon 7f78,0,0,0,Never,offline
2025-10-31 14:21:35,!8c0857c3,KLUBE,-9.25,-9.25,3,2025-10-31 09:05:49,offline
2025-10-31 14:21:35,!a0cb4950,Meshtastic 4950,0.5,0.5,2,2025-10-31 08:59:27,offline
2025-10-31 14:21:35,!a0cdac7f,Meshtastic ac7f,-18.75,-18.75,1,2025-10-31 09:01:23,offline
2025-10-31 14:21:35,!43580084,Meshtastic 0084,-12.5,-12.5,3,2025-10-31 13:17:30,offline
2025-10-31 14:21:35,!7091481d,Go Meshtastic,-18.75,-18.75,2,2025-10-31 09:36:29,offline
2025-10-31 14:21:35,!9c048d2a,Meshtastic 8d2a,-7.5,-7.5,2,2025-10-31 12:52:51,offline
2025-10-31 14:21:35,!209f9da6,Meshtastic 9da6,-11.0,-11.0,2,2025-10-31 10:16:44,offline
2025-10-31 14:21:35,!433e5768,Meshtastic 5768,-13.25,-13.25,3,2025-10-31 13:23:55,offline
2025-10-31 14:21:35,!1ae77426,Meshtastic 7426,-16.0,-16.0,2,2025-10-31 11:56:52,offline
2025-10-31 14:21:35,!92dc709f,Meshtastic 709f,-20.25,-20.25,4,2025-10-31 12:11:26,offline
2025-10-31 14:21:35,!db517cc8,Meshtastic 7cc8,-15.75,-15.75,6,2025-10-31 12:41:13,offline
2025-10-31 14:21:35,!f6e3a209,Nomad 2,-1.5,-1.5,3,2025-10-31 13:14:10,offline
2025-10-31 14:22:37,!9e757a8c,Meshtastic 7a8c,0,0,0,2025-10-31 14:22:34,online
2025-10-31 14:22:37,!4a14d2cc,Meshtastic d2cc,-11.75,-11.75,3,2025-10-30 20:35:01,offline
2025-10-31 14:22:37,!7838a968,Meshtastic a968,4.25,4.25,3,2025-10-31 00:03:43,offline
2025-10-31 14:22:37,!433b9050,VEU_Paper,-16.5,-16.5,2,2025-10-30 08:53:09,offline
2025-10-31 14:22:37,!c8f3b7ef,Meshtastic b7ef,-16.75,-16.75,1,2025-10-31 09:51:58,offline
2025-10-31 14:22:37,!9c5cc60c,Echo Solar Base Station,-19.25,-19.25,1,2025-10-31 14:12:34,online
2025-10-31 14:22:37,!01996ab0,Mountains Edge,-6.0,-6.0,2,2025-10-31 13:59:22,offline
2025-10-31 14:22:37,!4ecf2b4c,Decktastic,-6.25,-6.25,4,2025-10-31 13:51:56,offline
2025-10-31 14:22:37,!c29c9f56,Meshtastic 9f56,-13.5,-13.5,3,2025-10-31 08:14:06,offline
2025-10-31 14:22:37,!af20ba43,Ghost Solar,-17.5,-17.5,1,2025-10-31 14:12:15,online
2025-10-31 14:22:37,!1fa04dd0,TBm HB 4dd0,-19.5,-19.5,0,2025-10-31 13:58:17,offline
2025-10-31 14:22:37,!ba6a7b7c,nothing to see here,-17.5,-17.5,2,2025-10-31 13:24:11,offline
2025-10-31 14:22:37,!31eb883d,Samurai 6 RAK,-14.75,-14.75,2,2025-10-31 00:01:38,offline
2025-10-31 14:22:37,!09f06f43,LASmesh Base 00 SWLV [ü§ñ !h | üìµ],-12.0,-12.0,3,2025-10-31 09:10:53,offline
2025-10-31 14:22:37,!a2e4ff18,ALF0-G2 Base,-12.0,-12.0,0,2025-10-31 13:49:02,offline
2025-10-31 14:22:37,!3360277c,ALF4-TBeam,-19.75,-19.75,1,2025-10-31 13:49:34,offline
2025-10-31 14:22:37,!da55ed28,Chuck Base 1,-16.5,-16.5,2,2025-10-31 13:25:01,offline
2025-10-31 14:22:37,!a0cc7d7c,Hel-TXT 7d7c,0.75,0.75,2,2025-10-30 19:41:12,offline
2025-10-31 14:22:37,!9ea13680,BSM f14,-2.75,-2.75,2,2025-10-31 13:31:27,offline
2025-10-31 14:22:37,!d1e5e0b0,Meshtastic e0b0,-13.75,-13.75,0,2025-10-31 08:32:12,offline
2025-10-31 14:22:37,!0a9d53d1,Brian KJ7ZDB,-3.5,-3.5,3,2025-10-31 08:50:35,offline
2025-10-31 14:22:37,!6eb6e0f5,BlackJack,-10.25,-10.25,3,2025-10-31 13:57:45,offline
2025-10-31 14:22:37,!38ba786a,Maridia,-12.25,-12.25,3,2025-10-31 13:34:54,offline
2025-10-31 14:22:37,!9e7656a8,Ying,6.25,6.25,0,2025-10-31 14:07:02,offline
2025-10-31 14:22:37,!c1ea126d,WS7R Wisblock,-5.5,-5.5,3,2025-10-31 13:51:24,offline
2025-10-31 14:22:37,!7c5ad54c,Rave-tastic ü•≥ü§™ü´†,-19.5,-19.5,2,2025-10-31 14:04:57,offline
2025-10-31 14:22:37,!da639380,Heltec A,-1.5,-1.5,3,2025-10-31 13:29:15,offline
2025-10-31 14:22:37,!3b46b334,WDZ3 Vegas Northwest ,-6.5,-6.5,1,2025-10-31 13:54:10,offline
2025-10-31 14:22:37,!552ca6e6,Bravo_52,-9.0,-9.0,0,2025-10-31 13:56:07,offline
2025-10-31 14:22:37,!092d4525,‡º∫·ó∑…≠·ëå·ó¥·ó∞I·îïT‡ºª  [pf],-15.0,-15.0,2,2025-10-31 10:42:28,offline
2025-10-31 14:22:37,!116b6706,Enterprise üì° [·õö·ö¨·ö¥·õÖ·ö¥·õÅ·öæ],-17.75,-17.75,2,2025-10-31 12:39:06,offline
2025-10-31 14:22:37,!16cd7ffc,Kyle | Base,-8.25,-8.25,1,2025-10-31 11:12:21,offline
2025-10-31 14:22:37,!b03c7450,myCARKEYS,-0.75,-0.75,5,2025-10-31 13:26:57,offline
2025-10-31 14:22:37,!9f60a365,Frenchman Mtn Base,-6.75,-6.75,3,2025-10-31 11:16:41,offline
2025-10-31 14:22:37,!9e9e2e24,üì±Meshtastic25Tango,-14.25,-14.25,2,2025-10-30 21:15:28,offline
2025-10-31 14:22:37,!43569c10,Mountains Edge,-13.75,-13.75,1,2025-10-31 14:01:26,offline
2025-10-31 14:22:37,!849a5a2c,TIKI,-16.5,-16.5,4,2025-10-31 13:35:06,offline
2025-10-31 14:22:37,!a2549726,Meshtastic 9726,-3.5,-3.5,1,2025-10-31 10:25:08,offline
2025-10-31 14:22:37,!0e998fe8,Lifehouse1,-16.75,-16.75,4,2025-10-30 22:27:24,offline
2025-10-31 14:22:37,!2fb70101,GGM_Roof,-16.0,-16.0,2,2025-10-31 10:32:35,offline
2025-10-31 14:22:37,!a2ebd58c,Jay -N2VGK üá∫üá∏  (8) G2 base,-14.25,-14.25,0,2025-10-31 13:01:51,offline
2025-10-31 14:22:37,!a0ccd810,TBOT-AI-RPTR - Sahara & Nellis d810,-1.75,-1.75,4,2025-10-31 13:13:09,offline
2025-10-31 14:22:37,!15f12ed7,Mojave Hills [·õö·ö¨·ö¥·õÖ·ö¥·õÅ·öæ] ,-5.75,-5.75,2,2025-10-31 13:53:03,offline
2025-10-31 14:22:37,!3b46af94,WS7R G2,-9.25,-9.25,3,2025-10-31 12:59:37,offline
2025-10-31 14:22:37,!f79ad4c9,LASmesh Base 02 LAS Airport [üìµ],-14.0,-14.0,4,2025-10-31 08:18:34,offline
2025-10-31 14:22:37,!6b7f7ded,WV3V N. Vegas Central,-14.25,-14.25,2,2025-10-31 07:52:31,offline
2025-10-31 14:22:37,!c53cf974,üëÄ I See You [pf],-19.0,-19.0,1,2025-10-31 13:55:25,offline
2025-10-31 14:22:37,!8dcec284,Kyle | Tracker,-13.5,-13.5,4,2025-10-31 13:48:00,offline
2025-10-31 14:22:37,!433c8a54,SidTech-Base,-6.75,-6.75,2,2025-10-31 11:15:25,offline
2025-10-31 14:22:37,!9ea1f4c0,BSM F40,-13.5,-13.5,3,2025-10-30 20:25:09,offline
2025-10-31 14:22:37,!95a5ed00,ALF2-BF,-10.5,-10.5,3,2025-10-31 13:46:00,offline
2025-10-31 14:22:37,!9bca09f6,Prickly Pear,-3.5,-3.5,3,2025-10-31 09:26:22,offline
2025-10-31 14:22:37,!f660edf4,Meshtastic edf4,-14.75,-14.75,2,2025-10-31 09:27:54,offline
2025-10-31 14:22:37,!d94d8a95,BeachHeadMobile,-2.75,-2.75,3,2025-10-31 13:11:18,offline
2025-10-31 14:22:37,!2c3ca9d7,ErwinCard1,-5.75,-5.75,3,2025-10-31 13:33:45,offline
2025-10-31 14:22:37,!433d8d28,Meshtastic PSM,-8.75,-8.75,3,2025-10-31 13:24:45,offline
2025-10-31 14:22:37,!fa2c4bc9,WS7R Rak Solar,-10.75,-10.75,3,2025-10-31 12:27:49,offline
2025-10-31 14:22:37,!6c73c96c,MHC Base [sneak],-7.0,-7.0,3,2025-10-31 11:26:25,offline
2025-10-31 14:22:37,!77dadd14,STONEBASE BC01,0,0,0,Never,offline
2025-10-31 14:22:37,!1a2c2e68,Frisky North West,-13.25,-13.25,2,2025-10-31 14:02:12,offline
2025-10-31 14:22:37,!713d0b94,RhiSense,-14.75,-14.75,4,2025-10-31 09:48:48,offline
2025-10-31 14:22:37,!3d2cef79,Oops! All Mesh,-21.25,-21.25,1,2025-10-31 14:18:27,online
2025-10-31 14:22:37,!1f9ff7c4,Meshtastic f7c4,-7.5,-7.5,2,2025-10-30 18:18:58,offline
2025-10-31 14:22:37,!33602434,Meshtastic 2434,-19.5,-19.5,3,2025-10-31 12:30:24,offline
2025-10-31 14:22:37,!9ee70784,Liath,-11.25,-11.25,2,2025-10-31 11:33:28,offline
2025-10-31 14:22:37,!1e37c665,BeachHead Base,-2.75,-2.75,1,2025-10-31 13:53:27,offline
2025-10-31 14:22:37,!55cc087b,Virgin Peak ,-18.25,-18.25,5,2025-10-31 07:38:14,offline
2025-10-31 14:22:37,!f1fdab7e,Meshtastic ab7e,-9.75,-9.75,2,2025-10-31 11:40:39,offline
2025-10-31 14:22:37,!a2e4f15d,Bravo52_Station,-4.5,-4.5,2,2025-10-31 07:04:08,offline
2025-10-31 14:22:37,!6c743bd8,crystal mesh,-2.5,-2.5,1,2025-10-31 13:12:58,offline
2025-10-31 14:22:37,!433cad44,ü•° Falcor,-16.25,-16.25,2,2025-10-31 12:42:53,offline
2025-10-31 14:22:37,!27e0965e,MongoPawnInGameOfLife‚ôüÔ∏è,-16.0,-16.0,3,2025-10-31 10:45:30,offline
2025-10-31 14:22:37,!433cf880,MeshALago,-18.5,-18.5,5,2025-10-31 10:21:05,offline
2025-10-31 14:22:37,!bcc3d511,LASmesh Mobile M1,-14.0,-14.0,4,2025-10-31 07:08:02,offline
2025-10-31 14:22:37,!b6cdaadf,FoxByte SolarBlock KK7NYE,-3.75,-3.75,2,2025-10-31 13:28:35,offline
2025-10-31 14:22:37,!f71e3ba8,Salem Mobile [·õö·ö¨·ö¥·õÖ·ö¥·õÅ·öæ],-15.5,-15.5,5,2025-10-31 07:29:02,offline
2025-10-31 14:22:37,!e4a4ecb6,KT base-ecb6,-10.75,-10.75,3,2025-10-31 11:32:17,offline
2025-10-31 14:22:37,!ba662148,Cuban Pete,-19.5,-19.5,3,2025-10-31 11:59:07,offline
2025-10-31 14:22:37,!16ced69c,KJ7ZDB Base,-13.75,-13.75,2,2025-10-31 13:09:27,offline
2025-10-31 14:22:37,!0768b426,Meshtastic b426,-4.5,-4.5,2,2025-10-31 08:13:28,offline
2025-10-31 14:22:37,!e4856784,RAZOR TECHO,-1.0,-1.0,5,2025-10-30 22:51:22,offline
2025-10-31 14:22:37,!da4a1dfe,StreetPass,-0.75,-0.75,3,2025-10-30 23:32:41,offline
2025-10-31 14:22:37,!f9b9c700,N6XRE-MX-1-c700,4.0,4.0,3,2025-10-30 19:42:40,offline
2025-10-31 14:22:37,!aee038ab,Zziks ( Buckaroo ),-18.75,-18.75,2,2025-10-31 13:43:49,offline
2025-10-31 14:22:37,!9e7638d8,GMESH38d8,0,0,0,Never,offline
2025-10-31 14:22:37,!3902412e,ErwinBase,-15.5,-15.5,2,2025-10-31 13:56:54,offline
2025-10-31 14:22:37,!4c1cf86b,MahtSense ,-16.75,-16.75,3,2025-10-31 12:32:31,offline
2025-10-31 14:22:37,!ead43ac6,WS7R Nano G2,-17.5,-17.5,4,2025-10-31 12:17:35,offline
2025-10-31 14:22:37,!7c5ad9b0,WS7R Wireless Paper,-18.25,-18.25,3,2025-10-31 13:39:25,offline
2025-10-31 14:22:37,!0daec6b5,South Paradise Meshtastic,-5.25,-5.25,2,2025-10-31 13:10:52,offline
2025-10-31 14:22:37,!433d4930,Meshtastic 4930,-4.0,-4.0,4,2025-10-31 00:29:52,offline
2025-10-31 14:22:37,!433d4958,Meshtastic 4958,4.75,4.75,4,2025-10-31 00:56:02,offline
2025-10-31 14:22:37,!16cfa1c8,ALF1-G2 Base,-6.75,-6.75,2,2025-10-31 13:50:50,offline
2025-10-31 14:22:37,!433cc654,Mlk & carey,-15.75,-15.75,1,2025-10-31 13:14:22,offline
2025-10-31 14:22:37,!95a573a0,ALF3-CM,-16.25,-16.25,2,2025-10-31 12:57:45,offline
2025-10-31 14:22:37,!f9b90490,Meshtastic 0490,-14.0,-14.0,3,2025-10-31 07:11:33,offline
2025-10-31 14:22:37,!f7d5753d,Meshtastic 753d,-10.25,-10.25,3,2025-10-31 13:48:47,offline
2025-10-31 14:22:37,!4358acc0,Macaroon,-7.0,-7.0,3,2025-10-31 11:07:01,offline
2025-10-31 14:22:37,!25df032c,ChopsEcho,-20.0,-20.0,3,2025-10-31 14:06:08,offline
2025-10-31 14:22:37,!d2a96b97,Meshtastic 6b97,-9.5,-9.5,2,2025-10-31 13:47:19,offline
2025-10-31 14:22:37,!1301ba94,HSQF22,-14.25,-14.25,3,2025-10-31 08:24:39,offline
2025-10-31 14:22:37,!da567f78,Poseidon 7f78,0,0,0,Never,offline
2025-10-31 14:22:37,!8c0857c3,KLUBE,-9.25,-9.25,3,2025-10-31 09:05:49,offline
2025-10-31 14:22:37,!a0cb4950,Meshtastic 4950,0.5,0.5,2,2025-10-31 08:59:27,offline
2025-10-31 14:22:37,!a0cdac7f,Meshtastic ac7f,-18.75,-18.75,1,2025-10-31 09:01:23,offline
2025-10-31 14:22:37,!43580084,Meshtastic 0084,-12.5,-12.5,3,2025-10-31 13:17:30,offline
2025-10-31 14:22:37,!7091481d,Go Meshtastic,-18.75,-18.75,2,2025-10-31 09:36:29,offline
2025-10-31 14:22:37,!9c048d2a,Meshtastic 8d2a,-7.5,-7.5,2,2025-10-31 12:52:51,offline
2025-10-31 14:22:37,!209f9da6,Meshtastic 9da6,-11.0,-11.0,2,2025-10-31 10:16:44,offline
2025-10-31 14:22:37,!433e5768,Meshtastic 5768,-13.25,-13.25,3,2025-10-31 13:23:55,offline
2025-10-31 14:22:37,!1ae77426,Meshtastic 7426,-16.0,-16.0,2,2025-10-31 11:56:52,offline
2025-10-31 14:22:37,!92dc709f,Meshtastic 709f,-20.25,-20.25,4,2025-10-31 12:11:26,offline
2025-10-31 14:22:37,!db517cc8,Meshtastic 7cc8,-15.75,-15.75,6,2025-10-31 12:41:13,offline
2025-10-31 14:22:37,!f6e3a209,Nomad 2,-1.5,-1.5,3,2025-10-31 13:14:10,offline
